Date,Bitcoin Market Cap
2010-07-17,12.042606208465315
2010-07-18,12.428259739584934
2010-07-19,12.598050542056795
2010-07-20,12.508197418263748
2010-07-21,12.490875577231112
2010-07-22,12.32572060779607
2010-07-23,12.191395460684022
2010-07-24,12.220611443151254
2010-07-25,12.131397589537878
2010-07-26,12.135156497159937
2010-07-27,12.228758367613498
2010-07-28,12.255800465201352
2010-07-29,12.344220242071748
2010-07-30,12.368884282185029
2010-07-31,12.37407973747607
2010-08-01,12.292543876667294
2010-08-02,12.299157624136921
2010-08-03,12.281908053378793
2010-08-04,12.279206929517676
2010-08-05,12.280892507087637
2010-08-06,12.326634040192424
2010-08-07,12.29178234236833
2010-08-08,12.294747221969812
2010-08-09,12.39293388236616
2010-08-10,12.440662437968632
2010-08-11,12.360200467953346
2010-08-12,12.446431165311918
2010-08-13,12.397312647831376
2010-08-14,12.411601973245126
2010-08-15,12.413797944116002
2010-08-16,12.388985694025084
2010-08-17,12.44251931665541
2010-08-18,12.462449792153539
2010-08-19,12.43935264898977
2010-08-20,12.42315788226042
2010-08-21,12.423447590381516
2010-08-22,12.418895117272402
2010-08-23,12.421010623017064
2010-08-24,12.41614716790395
2010-08-25,12.428856132028827
2010-08-26,12.413225016746301
2010-08-27,12.417520062963542
2010-08-28,12.42052251607565
2010-08-29,12.419634438060184
2010-08-30,12.42847191993903
2010-08-31,12.387347821725516
2010-09-01,12.39607297825113
2010-09-02,12.394086304860645
2010-09-03,12.375384947730488
2010-09-04,12.391991889546112
2010-09-05,12.397704889705127
2010-09-06,12.40182855592538
2010-09-07,12.390071960766656
2010-09-08,12.395369816060553
2010-09-09,12.391019918778246
2010-09-10,12.397552140108894
2010-09-11,12.422018354416991
2010-09-12,12.408307117656006
2010-09-13,12.415137556234823
2010-09-14,12.415839121402707
2010-09-15,12.409556199376086
2010-09-16,12.418967861592314
2010-09-17,12.389614291046417
2010-09-18,12.393120515688215
2010-09-19,12.425706043457867
2010-09-20,12.433056812230317
2010-09-21,12.447967291081252
2010-09-22,12.440096787940595
2010-09-23,12.441512289098204
2010-09-24,12.443418859842849
2010-09-25,12.445727137971298
2010-09-26,12.44672207097405
2010-09-27,12.450989430239938
2010-09-28,12.450547067546212
2010-09-29,12.45351848936735
2010-09-30,12.453319367455276
2010-10-01,12.456854709908338
2010-10-02,12.454018071758092
2010-10-03,12.448952155251575
2010-10-04,12.450253355910183
2010-10-05,12.454614901556445
2010-10-06,12.46834459804474
2010-10-07,12.516677472614377
2010-10-08,12.685426177883658
2010-10-09,12.826364146413832
2010-10-10,12.8976110326757
2010-10-11,12.881078767623588
2010-10-12,12.898429513875675
2010-10-13,12.94224579008438
2010-10-14,12.99141607172084
2010-10-15,12.986534490416828
2010-10-16,12.968906789972536
2010-10-17,12.986738366117498
2010-10-18,12.996727589437931
2010-10-19,12.95786837912098
2010-10-20,12.970935653631718
2010-10-21,12.999784359388281
2010-10-22,13.032362080510191
2010-10-23,13.048236635843693
2010-10-24,13.093826033296752
2010-10-25,13.092042304708468
2010-10-26,13.337785998903074
2010-10-27,13.519142874563844
2010-10-28,13.575866620947442
2010-10-29,13.612168408455297
2010-10-30,13.65859238549285
2010-10-31,13.661437041826488
2010-11-01,13.66732604511552
2010-11-02,13.663628968469936
2010-11-03,13.668450347905504
2010-11-04,13.773633840752876
2010-11-05,13.867600984557512
2010-11-06,14.197139836338788
2010-11-07,14.416540256631553
2010-11-08,14.100446613560509
2010-11-09,13.88643769089418
2010-11-10,13.836870795085604
2010-11-11,13.845748741024885
2010-11-12,13.94105098267974
2010-11-13,14.067390048789488
2010-11-14,14.055587526285516
2010-11-15,14.04422496321681
2010-11-16,13.938566777029788
2010-11-17,13.859320723451363
2010-11-18,13.940523395505341
2010-11-19,14.05591861631003
2010-11-20,14.084009046472994
2010-11-21,14.067425805717008
2010-11-22,14.081917409385754
2010-11-23,14.092832398064745
2010-11-24,14.095197000389845
2010-11-25,14.090991498409368
2010-11-26,14.094502732383594
2010-11-27,14.103660271055125
2010-11-28,14.079865915812164
2010-11-29,13.998583499064992
2010-11-30,13.850990629787894
2010-12-01,13.850610291533252
2010-12-02,13.95267434544752
2010-12-03,13.991341093587858
2010-12-04,13.907845406767041
2010-12-05,13.795174168242273
2010-12-06,13.842971043774023
2010-12-07,13.840341697544705
2010-12-08,13.957793667351408
2010-12-09,13.843417511217282
2010-12-10,13.792700372495705
2010-12-11,13.859606866064304
2010-12-12,13.853729808282546
2010-12-13,13.883141168661856
2010-12-14,13.962370726480069
2010-12-15,13.981436776055764
2010-12-16,13.991829132862064
2010-12-17,13.995705688849643
2010-12-18,13.998829117585696
2010-12-19,13.997196079197154
2010-12-20,14.037254730604712
2010-12-21,14.0247677383728
2010-12-22,14.014590079088794
2010-12-23,14.0243328478107
2010-12-24,14.02579741503993
2010-12-25,14.02608342830463
2010-12-26,14.06235266698436
2010-12-27,14.0659439315638
2010-12-28,14.120452321306018
2010-12-29,14.170585121977934
2010-12-30,14.206661708432955
2010-12-31,14.22346257115893
2011-01-01,14.211654357343367
2011-01-02,14.217769866316418
2011-01-03,14.20329833872551
2011-01-04,14.2217280496276
2011-01-05,14.212987848230236
2011-01-06,14.228069776594529
2011-01-07,14.263223843110758
2011-01-08,14.288208678804873
2011-01-09,14.311494385140632
2011-01-10,14.31863883300579
2011-01-11,14.325877876724569
2011-01-12,14.315424869282158
2011-01-13,14.302981368886634
2011-01-14,14.42508969916462
2011-01-15,14.517897916288263
2011-01-16,14.519666914543532
2011-01-17,14.455782140322414
2011-01-18,14.351918544716794
2011-01-19,14.296596303095379
2011-01-20,14.414253648096905
2011-01-21,14.557505520081357
2011-01-22,14.612664087712362
2011-01-23,14.651475008628385
2011-01-24,14.625203564708052
2011-01-25,14.588707523095792
2011-01-26,14.588185852278551
2011-01-27,14.592883531040027
2011-01-28,14.638678036965233
2011-01-29,14.658102218688681
2011-01-30,14.704862065504708
2011-01-31,14.784232816194127
2011-02-01,15.011429214545023
2011-02-02,15.142449741182746
2011-02-03,15.133935255848302
2011-02-04,15.216500655835729
2011-02-05,15.357152596509582
2011-02-06,15.392751052069187
2011-02-07,15.377788936029248
2011-02-08,15.389875750414127
2011-02-09,15.489870293066527
2011-02-10,15.523875918175152
2011-02-11,15.520598228902962
2011-02-12,15.541600911618106
2011-02-13,15.54876659156893
2011-02-14,15.554829759492828
2011-02-15,15.554271595673862
2011-02-16,15.551588345975246
2011-02-17,15.548942400677795
2011-02-18,15.473766824646653
2011-02-19,15.398548230642284
2011-02-20,15.406940495749337
2011-02-21,15.331837730052797
2011-02-22,15.365762213638773
2011-02-23,15.418549238921775
2011-02-24,15.48828470658095
2011-02-25,15.461174897455725
2011-02-26,15.456813930646016
2011-02-27,15.447956347545457
2011-02-28,15.395720463438037
2011-03-01,15.414191218071624
2011-03-02,15.459208437835452
2011-03-03,15.456234324116918
2011-03-04,15.435628435993463
2011-03-05,15.442728465316808
2011-03-06,15.439361896117145
2011-03-07,15.411121922714075
2011-03-08,15.412991874340399
2011-03-09,15.39206178288415
2011-03-10,15.439929689441446
2011-03-11,15.42554689130886
2011-03-12,15.442391453176759
2011-03-13,15.440563912283695
2011-03-14,15.438740915817997
2011-03-15,15.427065228484393
2011-03-16,15.405763612243538
2011-03-17,15.37422785410468
2011-03-18,15.373044463247952
2011-03-19,15.29587501211681
2011-03-20,15.27389485637457
2011-03-21,15.28463665687178
2011-03-22,15.316732102897127
2011-03-23,15.374625862636826
2011-03-24,15.399321281227326
2011-03-25,15.430663110693095
2011-03-26,15.42547333263409
2011-03-27,15.37354801237427
2011-03-28,15.35641585012244
2011-03-29,15.3406888674397
2011-03-30,15.3363010649346
2011-03-31,15.332649392672614
2011-04-01,15.318440185193905
2011-04-02,15.324836158793568
2011-04-03,15.328949553469078
2011-04-04,15.2615112370357
2011-04-05,15.223129671673382
2011-04-06,15.285549152267096
2011-04-07,15.296246994922525
2011-04-08,15.298759201156818
2011-04-09,15.284287494013222
2011-04-10,15.290273338238794
2011-04-11,15.305104913325062
2011-04-12,15.390337149654831
2011-04-13,15.475832441024384
2011-04-14,15.561629846611257
2011-04-15,15.58889897470378
2011-04-16,15.611961836753446
2011-04-17,15.673662765705865
2011-04-18,15.738218023219579
2011-04-19,15.764709151297884
2011-04-20,15.750369870832502
2011-04-21,15.763979003216035
2011-04-22,15.872702017271651
2011-04-23,16.039936792725637
2011-04-24,16.145665388943847
2011-04-25,16.074185455349987
2011-04-26,16.13156572085028
2011-04-27,16.22056866178369
2011-04-28,16.32786115390211
2011-04-29,16.547736555203407
2011-04-30,16.782737950206897
2011-05-01,16.800362049930037
2011-05-02,16.765314750179503
2011-05-03,16.815161941763325
2011-05-04,16.856967157949175
2011-05-05,16.837021390840352
2011-05-06,16.84631678566151
2011-05-07,16.89221249405175
2011-05-08,16.950956468378905
2011-05-09,16.974183834430523
2011-05-10,17.202708503198448
2011-05-11,17.36515357660011
2011-05-12,17.409150989742134
2011-05-13,17.618665079781234
2011-05-14,17.673957876854708
2011-05-15,17.585182846028978
2011-05-16,17.658303456624548
2011-05-17,17.67457853118831
2011-05-18,17.596841404896768
2011-05-19,17.558580804660604
2011-05-20,17.47372446887476
2011-05-21,17.436332640374854
2011-05-22,17.51169449427368
2011-05-23,17.589460995220747
2011-05-24,17.643131869125806
2011-05-25,17.732206129930915
2011-05-26,17.805010693553918
2011-05-27,17.816231018153708
2011-05-28,17.79696842785275
2011-05-29,17.789244089518945
2011-05-30,17.822955046093256
2011-05-31,17.84098897281244
2011-06-01,17.885123721427163
2011-06-02,17.984773551924224
2011-06-03,18.19504773400578
2011-06-04,18.478685324692105
2011-06-05,18.558087706843164
2011-06-06,18.547967762238507
2011-06-07,18.729349969813363
2011-06-08,18.970174360842368
2011-06-09,19.06469204333964
2011-06-10,18.959583741147068
2011-06-11,18.646766570526395
2011-06-12,18.500875569286194
2011-06-13,18.644957037471816
2011-06-14,18.66456488254073
2011-06-15,18.65850026643455
2011-06-16,18.60028506239566
2011-06-17,18.491138201076655
2011-06-18,18.49892827202401
2011-06-19,18.54414950519325
2011-06-20,18.53530857607401
2011-06-21,18.537080592335023
2011-06-22,18.538992964010426
2011-06-23,18.54095444421584
2011-06-24,18.542761632814326
2011-06-25,18.544385314883648
2011-06-26,18.544282224027764
2011-06-27,18.522766959936877
2011-06-28,18.538973258691126
2011-06-29,18.543136383748916
2011-06-30,18.518862904759175
2011-07-01,18.47446694047573
2011-07-02,18.45323384521063
2011-07-03,18.45675730790636
2011-07-04,18.406772774970552
2011-07-05,18.31826196381129
2011-07-06,18.35313575591896
2011-07-07,18.416135429644463
2011-07-08,18.40398316200954
2011-07-09,18.391493057638787
2011-07-10,18.412639177049677
2011-07-11,18.407967046315715
2011-07-12,18.37805156537491
2011-07-13,18.370549069360067
2011-07-14,18.371645676796646
2011-07-15,18.36696544519454
2011-07-16,18.357997876024907
2011-07-17,18.33525294516792
2011-07-18,18.327564943735087
2011-07-19,18.354039501645328
2011-07-20,18.36427638926775
2011-07-21,18.35649372369779
2011-07-22,18.35670730046168
2011-07-23,18.360532804754715
2011-07-24,18.37214472898429
2011-07-25,18.386183052551736
2011-07-26,18.3832360295792
2011-07-27,18.38126654968282
2011-07-28,18.366567466621525
2011-07-29,18.353241379434067
2011-07-30,18.35603194473439
2011-07-31,18.35173602844875
2011-08-01,18.336434500455
2011-08-02,18.287267184385257
2011-08-03,18.122839346543003
2011-08-04,18.062369447633326
2011-08-05,18.08665004435245
2011-08-06,17.85728499345137
2011-08-07,17.737243370272513
2011-08-08,17.822142752105343
2011-08-09,17.94809278620455
2011-08-10,18.06371873024162
2011-08-11,18.044592897336376
2011-08-12,18.01294533566192
2011-08-13,18.049081295875784
2011-08-14,18.11539940222733
2011-08-15,18.16374602280121
2011-08-16,18.172694938227007
2011-08-17,18.16237141112611
2011-08-18,18.160539944752895
2011-08-19,18.191910567831883
2011-08-20,18.220447742688133
2011-08-21,18.206472726580852
2011-08-22,18.182782640095468
2011-08-23,18.167753955087893
2011-08-24,18.166167196800288
2011-08-25,18.10642570348283
2011-08-26,17.967818289753183
2011-08-27,17.9071739791378
2011-08-28,17.959831929220567
2011-08-29,17.981820633436982
2011-08-30,17.967205556329603
2011-08-31,17.92385345143989
2011-09-01,17.89020710593698
2011-09-02,17.919847100337215
2011-09-03,17.93217373006906
2011-09-04,17.907213016234994
2011-09-05,17.851364266100884
2011-09-06,17.76968756639536
2011-09-07,17.740959333054114
2011-09-08,17.718763377494174
2011-09-09,17.547771097330767
2011-09-10,17.3830524572218
2011-09-11,17.466669375247644
2011-09-12,17.589480672756
2011-09-13,17.576320085760408
2011-09-14,17.542018231925322
2011-09-15,17.453468674821817
2011-09-16,17.375041345360934
2011-09-17,17.36858592455227
2011-09-18,17.407401822702962
2011-09-19,17.476554730221746
2011-09-20,17.55949360928327
2011-09-21,17.575497729035515
2011-09-22,17.51703712413803
2011-09-23,17.509255008767507
2011-09-24,17.513727135155936
2011-09-25,17.490396761628208
2011-09-26,17.438780357481964
2011-09-27,17.39821599895436
2011-09-28,17.389138182714557
2011-09-29,17.37674221993832
2011-09-30,17.4122967898129
2011-10-01,17.443242295659147
2011-10-02,17.430391499318205
2011-10-03,17.430374943301143
2011-10-04,17.424665999449346
2011-10-05,17.4098767296668
2011-10-06,17.387642998940116
2011-10-07,17.325688435243453
2011-10-08,17.244709834723903
2011-10-09,17.22116369797482
2011-10-10,17.23299868853596
2011-10-11,17.208087086625806
2011-10-12,17.219685203175572
2011-10-13,17.236004752745675
2011-10-14,17.21674130573644
2011-10-15,17.19059364358956
2011-10-16,17.13501750853528
2011-10-17,16.94548211727731
2011-10-18,16.73664643241121
2011-10-19,16.68120703645318
2011-10-20,16.662496563181936
2011-10-21,16.730950196782228
2011-10-22,16.887436819284904
2011-10-23,16.971133775886077
2011-10-24,16.875282462605888
2011-10-25,16.807268745287892
2011-10-26,16.851129957184778
2011-10-27,16.902392230904937
2011-10-28,16.972333176074322
2011-10-29,17.053364003237373
2011-10-30,17.068799867448124
2011-10-31,17.020471254948788
2011-11-01,17.003263037331156
2011-11-02,17.003974390727947
2011-11-03,17.004993740385626
2011-11-04,16.985963659148517
2011-11-05,16.95464760896638
2011-11-06,16.93071834523641
2011-11-07,16.937768207975463
2011-11-08,16.951434464172028
2011-11-09,16.94880805853217
2011-11-10,16.915735180428374
2011-11-11,16.933886921969055
2011-11-12,16.964128840557862
2011-11-13,16.953639170387053
2011-11-14,16.809865082858302
2011-11-15,16.673995858953635
2011-11-16,16.747458692429657
2011-11-17,16.733484836899056
2011-11-18,16.62430987856174
2011-11-19,16.601409739201408
2011-11-20,16.645246687038984
2011-11-21,16.666756913720473
2011-11-22,16.69505238327106
2011-11-23,16.70546606257239
2011-11-24,16.727105447923048
2011-11-25,16.76606009275851
2011-11-26,16.76528689961537
2011-11-27,16.768877876412986
2011-11-28,16.785626004473258
2011-11-29,16.838781731051508
2011-11-30,16.915463512811648
2011-12-01,16.973974503384778
2011-12-02,16.99432468254863
2011-12-03,16.952235581356458
2011-12-04,16.902583096172346
2011-12-05,16.918773490710297
2011-12-06,16.954587002219174
2011-12-07,16.973775158426296
2011-12-08,16.966791333936165
2011-12-09,16.964353756702245
2011-12-10,16.97698749772869
2011-12-11,17.02512955025378
2011-12-12,17.037896973491854
2011-12-13,17.044497572034373
2011-12-14,17.03835924057178
2011-12-15,17.033159830925133
2011-12-16,17.042773472658848
2011-12-17,17.044178047633505
2011-12-18,17.041184622348457
2011-12-19,17.093801727886053
2011-12-20,17.20165308181469
2011-12-21,17.24698276378024
2011-12-22,17.242196138093437
2011-12-23,17.252290890291583
2011-12-24,17.259533844975536
2011-12-25,17.295115249226765
2011-12-26,17.30571691453259
2011-12-27,17.288353768906788
2011-12-28,17.309256096433405
2011-12-29,17.32352151907555
2011-12-30,17.33010686056209
2011-12-31,17.394997462017
2012-01-01,17.501410302148606
2012-01-02,17.552283393305615
2012-01-03,17.516146779648594
2012-01-04,17.55197621368025
2012-01-05,17.733315933222332
2012-01-06,17.820111030919232
2012-01-07,17.81103215108919
2012-01-08,17.840880891382792
2012-01-09,17.805940059355198
2012-01-10,17.75173300073333
2012-01-11,17.803323456038836
2012-01-12,17.83022030570199
2012-01-13,17.79328126567572
2012-01-14,17.792589369465066
2012-01-15,17.836733200184938
2012-01-16,17.832627471513614
2012-01-17,17.72449246393339
2012-01-18,17.658232573013148
2012-01-19,17.727212771944345
2012-01-20,17.772883492925306
2012-01-21,17.760928435394298
2012-01-22,17.747304719605154
2012-01-23,17.76182681034549
2012-01-24,17.7612688939208
2012-01-25,17.71299411603343
2012-01-26,17.636240326857834
2012-01-27,17.590407167910406
2012-01-28,17.617872212386896
2012-01-29,17.626778559399266
2012-01-30,17.615348323302694
2012-01-31,17.625939899786477
2012-02-01,17.68310643233641
2012-02-02,17.73034365139418
2012-02-03,17.722924216656722
2012-02-04,17.704957511306723
2012-02-05,17.682731011120254
2012-02-06,17.64390290170318
2012-02-07,17.650217629689372
2012-02-08,17.661460510796804
2012-02-09,17.674658682113325
2012-02-10,17.70251548484375
2012-02-11,17.683091231686205
2012-02-12,17.651986747368376
2012-02-13,17.619172506164354
2012-02-14,17.517281730627886
2012-02-15,17.417024090426867
2012-02-16,17.393755167122993
2012-02-17,17.40302547407873
2012-02-18,17.398436348320605
2012-02-19,17.39995667756618
2012-02-20,17.414027900369042
2012-02-21,17.406631941131565
2012-02-22,17.412745390897744
2012-02-23,17.498806176444162
2012-02-24,17.558619309687092
2012-02-25,17.5351174030985
2012-02-26,17.525143486195848
2012-02-27,17.544727985479142
2012-02-28,17.539548084833868
2012-02-29,17.531287411850258
2012-03-01,17.5378113934906
2012-03-02,17.522729265243
2012-03-03,17.493453045910453
2012-03-04,17.50405192993488
2012-03-05,17.543318182445024
2012-03-06,17.56182420871992
2012-03-07,17.557478544062008
2012-03-08,17.552330291388273
2012-03-09,17.545500908862188
2012-03-10,17.536502323183896
2012-03-11,17.542500493767943
2012-03-12,17.548995408498932
2012-03-13,17.58615530448117
2012-03-14,17.63529870593307
2012-03-15,17.641495581590853
2012-03-16,17.639609107855236
2012-03-17,17.62807903964605
2012-03-18,17.622957473325712
2012-03-19,17.570441435077402
2012-03-20,17.526131518337117
2012-03-21,17.541855869064005
2012-03-22,17.526782982517293
2012-03-23,17.519581608224428
2012-03-24,17.513942838194264
2012-03-25,17.500363140101395
2012-03-26,17.495092095106816
2012-03-27,17.524682470367992
2012-03-28,17.544037292892416
2012-03-29,17.540461203382705
2012-03-30,17.55162143823698
2012-03-31,17.56154839814038
2012-04-01,17.556617215237175
2012-04-02,17.563275993923973
2012-04-03,17.58121058038553
2012-04-04,17.575271522297054
2012-04-05,17.57442343200681
2012-04-06,17.577653136377037
2012-04-07,17.554669209943654
2012-04-08,17.53894442226206
2012-04-09,17.558841264862103
2012-04-10,17.564485246735163
2012-04-11,17.571057983077218
2012-04-12,17.580333151068423
2012-04-13,17.579394626770696
2012-04-14,17.587047206692553
2012-04-15,17.590766839867406
2012-04-16,17.588590962265528
2012-04-17,17.59287097120285
2012-04-18,17.609482574339733
2012-04-19,17.62610284927304
2012-04-20,17.64939152995934
2012-04-21,17.666366547006643
2012-04-22,17.648842436921367
2012-04-23,17.620596583545428
2012-04-24,17.610892033470392
2012-04-25,17.6287829099402
2012-04-26,17.62927011498016
2012-04-27,17.627956137831774
2012-04-28,17.616128125059742
2012-04-29,17.597337789970883
2012-04-30,17.59627761426736
2012-05-01,17.605985511448917
2012-05-02,17.61938300362322
2012-05-03,17.63346817251679
2012-05-04,17.63123691318612
2012-05-05,17.628975171855647
2012-05-06,17.628251028221182
2012-05-07,17.627458985848634
2012-05-08,17.631107945718515
2012-05-09,17.62776281804083
2012-05-10,17.610302560338
2012-05-11,17.600842902376503
2012-05-12,17.61045353057163
2012-05-13,17.6094986210102
2012-05-14,17.61805111980533
2012-05-15,17.62890164873042
2012-05-16,17.636484591731165
2012-05-17,17.643224720356844
2012-05-18,17.64673025820458
2012-05-19,17.648139666862072
2012-05-20,17.647416402947346
2012-05-21,17.64735406136296
2012-05-22,17.647918655866018
2012-05-23,17.65245234548096
2012-05-24,17.655156099199555
2012-05-25,17.65641718886795
2012-05-26,17.65262646586921
2012-05-27,17.655669029770618
2012-05-28,17.65886657451425
2012-05-29,17.661997638346236
2012-05-30,17.662205482634672
2012-05-31,17.665849609431763
2012-06-01,17.681969865577933
2012-06-02,17.68746778287027
2012-06-03,17.681602937842587
2012-06-04,17.685581347078738
2012-06-05,17.70718339622364
2012-06-06,17.72595670079782
2012-06-07,17.741270557363013
2012-06-08,17.756800750302812
2012-06-09,17.754829827441164
2012-06-10,17.740944730320976
2012-06-11,17.743183147357666
2012-06-12,17.766509919769938
2012-06-13,17.799063922067283
2012-06-14,17.818908209131774
2012-06-15,17.866704879208132
2012-06-16,17.9027417299092
2012-06-17,17.881048532627084
2012-06-18,17.8737719318504
2012-06-19,17.898317989365115
2012-06-20,17.926830928995937
2012-06-21,17.94128860424283
2012-06-22,17.93282729432127
2012-06-23,17.914368287176394
2012-06-24,17.899889326213653
2012-06-25,17.89086767753689
2012-06-26,17.899122902072346
2012-06-27,17.927493004154723
2012-06-28,17.939536390656535
2012-06-29,17.94050589882016
2012-06-30,17.94761120360066
2012-07-01,17.946739757478987
2012-07-02,17.95058229421131
2012-07-03,17.94009124962436
2012-07-04,17.921847275986604
2012-07-05,17.9394770595933
2012-07-06,17.950668714671348
2012-07-07,17.962243216725952
2012-07-08,17.970454267168524
2012-07-09,17.989676080198794
2012-07-10,18.01967956268106
2012-07-11,18.029456797407516
2012-07-12,18.070103655956398
2012-07-13,18.098517448399605
2012-07-14,18.085582510955696
2012-07-15,18.087814202990543
2012-07-16,18.15359254123744
2012-07-17,18.221187457294572
2012-07-18,18.256735597891083
2012-07-19,18.26145208967513
2012-07-20,18.228810894956872
2012-07-21,18.230437372274835
2012-07-22,18.223293397949792
2012-07-23,18.201248746293476
2012-07-24,18.211885301943514
2012-07-25,18.230373095044627
2012-07-26,18.251240813603324
2012-07-27,18.257761275426013
2012-07-28,18.258024334416408
2012-07-29,18.248100605101687
2012-07-30,18.26082538165495
2012-07-31,18.295996590264682
2012-08-01,18.321937419645785
2012-08-02,18.383401144817682
2012-08-03,18.456764821850697
2012-08-04,18.474551247980337
2012-08-05,18.47035453665471
2012-08-06,18.46516026874652
2012-08-07,18.478918679898594
2012-08-08,18.486349975595807
2012-08-09,18.487413253411436
2012-08-10,18.507347366521017
2012-08-11,18.52671121913718
2012-08-12,18.53299792679176
2012-08-13,18.556356366072848
2012-08-14,18.580825733382856
2012-08-15,18.630470415787393
2012-08-16,18.681538035044106
2012-08-17,18.615620892056622
2012-08-18,18.550065727090104
2012-08-19,18.371763582219085
2012-08-20,18.294134611776144
2012-08-21,18.39359888864341
2012-08-22,18.381729269751023
2012-08-23,18.387493033982782
2012-08-24,18.431779593223503
2012-08-25,18.452810084188616
2012-08-26,18.4575832336393
2012-08-27,18.473936475000865
2012-08-28,18.491251493934044
2012-08-29,18.489593988269156
2012-08-30,18.477418631605794
2012-08-31,18.44869262216832
2012-09-01,18.409375145839267
2012-09-02,18.414591542336613
2012-09-03,18.44160326354286
2012-09-04,18.450788676947415
2012-09-05,18.473774519999594
2012-09-06,18.511260087339533
2012-09-07,18.512840603066905
2012-09-08,18.510896048712887
2012-09-09,18.508691712850165
2012-09-10,18.514917283975347
2012-09-11,18.52874353517256
2012-09-12,18.538939257662253
2012-09-13,18.53671258493981
2012-09-14,18.5597193900292
2012-09-15,18.576015031610865
2012-09-16,18.581832442215337
2012-09-17,18.588550998535155
2012-09-18,18.6070200852962
2012-09-19,18.63321325275152
2012-09-20,18.636681848614312
2012-09-21,18.6332408152968
2012-09-22,18.623664093168145
2012-09-23,18.621184833718377
2012-09-24,18.614574343965668
2012-09-25,18.61723319288436
2012-09-26,18.624858129239108
2012-09-27,18.634219872100445
2012-09-28,18.634297111434076
2012-09-29,18.641229419486578
2012-09-30,18.64004623136253
2012-10-01,18.640311251748876
2012-10-02,18.66174985216395
2012-10-03,18.680518419279963
2012-10-04,18.68131436556721
2012-10-05,18.672841995799185
2012-10-06,18.665449018400185
2012-10-07,18.626292637925005
2012-10-08,18.600736652769836
2012-10-09,18.59975622125969
2012-10-10,18.616487761795664
2012-10-11,18.623242708019855
2012-10-12,18.62218364848701
2012-10-13,18.6122047034561
2012-10-14,18.601930559970626
2012-10-15,18.594658647411965
2012-10-16,18.607110815894192
2012-10-17,18.605617154035684
2012-10-18,18.611174955108766
2012-10-19,18.608792786809428
2012-10-20,18.601179899514815
2012-10-21,18.597303174869168
2012-10-22,18.596816206257536
2012-10-23,18.59985004594087
2012-10-24,18.59645280789916
2012-10-25,18.562820075488393
2012-10-26,18.49516749507456
2012-10-27,18.46737843471119
2012-10-28,18.493775217690033
2012-10-29,18.51065987529935
2012-10-30,18.519730142339082
2012-10-31,18.548161405267322
2012-11-01,18.53371433215107
2012-11-02,18.501149597735825
2012-11-03,18.505282961245854
2012-11-04,18.521913993151436
2012-11-05,18.527232895330243
2012-11-06,18.53170806887411
2012-11-07,18.541153013708467
2012-11-08,18.54306117758312
2012-11-09,18.539258921177666
2012-11-10,18.538150912893283
2012-11-11,18.5413169321619
2012-11-12,18.546122068798436
2012-11-13,18.55183419150524
2012-11-14,18.552088565895883
2012-11-15,18.563434215933157
2012-11-16,18.598020595968247
2012-11-17,18.623962076914882
2012-11-18,18.620488775608887
2012-11-19,18.622224007706965
2012-11-20,18.621250411584104
2012-11-21,18.62385860475631
2012-11-22,18.654045741839802
2012-11-23,18.676950667901938
2012-11-24,18.68105468288156
2012-11-25,18.68566478918019
2012-11-26,18.679668522192827
2012-11-27,18.66894304924093
2012-11-28,18.673821680928
2012-11-29,18.684630343419688
2012-11-30,18.697302546496463
2012-12-01,18.698516126480072
2012-12-02,18.69672923545507
2012-12-03,18.701400110426917
2012-12-04,18.73606246673601
2012-12-05,18.763580820532916
2012-12-06,18.757088899949032
2012-12-07,18.764901079240204
2012-12-08,18.769711526593547
2012-12-09,18.76587656210625
2012-12-10,18.766671485530097
2012-12-11,18.775759283315118
2012-12-12,18.787561158470584
2012-12-13,18.788972104310016
2012-12-14,18.785893070507832
2012-12-15,18.778193972432412
2012-12-16,18.767332012288268
2012-12-17,18.75859252250715
2012-12-18,18.758871624287607
2012-12-19,18.772225355210885
2012-12-20,18.782071219276407
2012-12-21,18.779554643415285
2012-12-22,18.772119197374828
2012-12-23,18.76923300806584
2012-12-24,18.768326523393895
2012-12-25,18.769294438150105
2012-12-26,18.77138089631905
2012-12-27,18.774246654852686
2012-12-28,18.7737257195205
2012-12-29,18.775565110764262
2012-12-30,18.77449393197096
2012-12-31,18.776341532809635
2013-01-01,18.773474816040235
2013-01-02,18.758366715128272
2013-01-03,18.759559810404962
2013-01-04,18.760432874407712
2013-01-05,18.757306740180535
2013-01-06,18.753797184755413
2013-01-07,18.757143723387873
2013-01-08,18.775944964288314
2013-01-09,18.790771851346395
2013-01-10,18.80197183414336
2013-01-11,18.81936944398134
2013-01-12,18.819143445671852
2013-01-13,18.815200577147966
2013-01-14,18.819813136007763
2013-01-15,18.819107816422566
2013-01-16,18.835866143255284
2013-01-17,18.881406939336465
2013-01-18,18.911280331557293
2013-01-19,18.911334943584983
2013-01-20,18.91404588074892
2013-01-21,18.945709511834792
2013-01-22,18.996483380829268
2013-01-23,19.019426554115586
2013-01-24,19.01471526142299
2013-01-25,19.008356224895998
2013-01-26,19.02880057621728
2013-01-27,19.036015490844395
2013-01-28,19.06088567661103
2013-01-29,19.106806577445134
2013-01-30,19.130394586421367
2013-01-31,19.169187396782277
2013-02-01,19.194678747111467
2013-02-02,19.185429536940372
2013-02-03,19.185511294692812
2013-02-04,19.19072832029103
2013-02-05,19.19101065866532
2013-02-06,19.209188243968715
2013-02-07,19.245197527778103
2013-02-08,19.281429970555674
2013-02-09,19.31761989599314
2013-02-10,19.33816717669124
2013-02-11,19.35744902041282
2013-02-12,19.37461374003831
2013-02-13,19.380933347289865
2013-02-14,19.418266061727262
2013-02-15,19.46518238725924
2013-02-16,19.472401838266013
2013-02-17,19.472877548664812
2013-02-18,19.472578188483933
2013-02-19,19.51606105874839
2013-02-20,19.560473385322766
2013-02-21,19.572548504511353
2013-02-22,19.572135540024266
2013-02-23,19.56410144202005
2013-02-24,19.5562250325127
2013-02-25,19.55757552052165
2013-02-26,19.56983470327633
2013-02-27,19.594206348968918
2013-02-28,19.644225637237856
2013-03-01,19.702538171114853
2013-03-02,19.699331925006113
2013-03-03,19.679536116010663
2013-03-04,19.707107826699286
2013-03-05,19.80114436429361
2013-03-06,19.86399754800191
2013-03-07,19.889665979409077
2013-03-08,19.922037489778578
2013-03-09,19.966710830172396
2013-03-10,19.995818403170922
2013-03-11,20.01191973606456
2013-03-12,19.989612007972735
2013-03-13,19.959491769909576
2013-03-14,19.971863124933023
2013-03-15,19.979017337254696
2013-03-16,19.992231872833372
2013-03-17,19.987456505232696
2013-03-18,20.039593482125785
2013-03-19,20.1450400458808
2013-03-20,20.262309093738768
2013-03-21,20.36534522605808
2013-03-22,20.392832692444642
2013-03-23,20.360521333297452
2013-03-24,20.378987038055246
2013-03-25,20.444789687652058
2013-03-26,20.481452301054016
2013-03-27,20.581700769167274
2013-03-28,20.661009906581924
2013-03-29,20.6711638640876
2013-03-30,20.68148343033641
2013-03-31,20.699957183617474
2013-04-01,20.76202220384612
2013-04-02,20.891405184114515
2013-04-03,20.999525333969633
2013-04-04,21.0291499682325
2013-04-05,21.069965602207272
2013-04-06,21.111806961604646
2013-04-07,21.169881276066505
2013-04-08,21.3110465751643
2013-04-09,21.489246499664052
2013-04-10,21.399201068613067
2013-04-11,20.959980869678535
2013-04-12,20.74203099586618
2013-04-13,20.805200463350992
2013-04-14,20.73632852039168
2013-04-15,20.683672245962832
2013-04-16,20.534955374001154
2013-04-17,20.570594284836872
2013-04-18,20.76818072477992
2013-04-19,20.888042268418033
2013-04-20,20.958731127674813
2013-04-21,20.957457662687744
2013-04-22,20.951183784669798
2013-04-23,21.013393439151187
2013-04-24,21.1235943841507
2013-04-25,21.159951506262637
2013-04-26,21.11048790069645
2013-04-27,21.059728649237503
2013-04-28,21.041917876400547
2013-04-29,21.09350540487901
2013-04-30,21.123364859334718
2013-05-01,21.048006371185338
2013-05-02,20.932711892425687
2013-05-03,20.85479571036708
2013-05-04,20.87768932727179
2013-05-05,20.95518927123852
2013-05-06,20.951506799954615
2013-05-07,20.928336015565492
2013-05-08,20.921617100422836
2013-05-09,20.91121315443178
2013-05-10,20.930941787305397
2013-05-11,20.948930416596568
2013-05-12,20.942515737832515
2013-05-13,20.947388544730426
2013-05-14,20.9151239789466
2013-05-15,20.877380026965067
2013-05-16,20.900620271320857
2013-05-17,20.933061535914106
2013-05-18,20.95423274821903
2013-05-19,20.95536371039045
2013-05-20,20.95831776445558
2013-05-21,20.976818522459684
2013-05-22,20.989274513239646
2013-05-23,21.006706552798185
2013-05-24,21.05567448694306
2013-05-25,21.080782864633083
2013-05-26,21.089148230226595
2013-05-27,21.086439380272484
2013-05-28,21.06612919534159
2013-05-29,21.072073410929907
2013-05-30,21.078869617894853
2013-05-31,21.07279550871974
2013-06-01,21.077014352668016
2013-06-02,21.055392006657037
2013-06-03,21.024728169472617
2013-06-04,21.019802451728015
2013-06-05,21.023700086165096
2013-06-06,21.018200515056797
2013-06-07,20.9812778463849
2013-06-08,20.94236603290551
2013-06-09,20.899809134206713
2013-06-10,20.882299167496015
2013-06-11,20.906383629160793
2013-06-12,20.92071561135246
2013-06-13,20.91088621184128
2013-06-14,20.872303894134596
2013-06-15,20.847049411085752
2013-06-16,20.848479271576945
2013-06-17,20.853764446830976
2013-06-18,20.881636023549458
2013-06-19,20.89575556010779
2013-06-20,20.9029021517028
2013-06-21,20.905564404309445
2013-06-22,20.883039910671947
2013-06-23,20.864026999065636
2013-06-24,20.832398590559844
2013-06-25,20.820155683873942
2013-06-26,20.828210313872123
2013-06-27,20.81420525615033
2013-06-28,20.768410006356987
2013-06-29,20.736177817386576
2013-06-30,20.742646923445967
2013-07-01,20.6948544652346
2013-07-02,20.666722625830456
2013-07-03,20.64542784352
2013-07-04,20.608770385632603
2013-07-05,20.53721698922595
2013-07-06,20.43659515819688
2013-07-07,20.492275905646363
2013-07-08,20.545711701916535
2013-07-09,20.53167829237514
2013-07-10,20.579169404025006
2013-07-11,20.649612045944505
2013-07-12,20.692036200798977
2013-07-13,20.72815005670203
2013-07-14,20.729186280482438
2013-07-15,20.742400564776805
2013-07-16,20.749790166041297
2013-07-17,20.737278232176372
2013-07-18,20.711523618140514
2013-07-19,20.680814264343063
2013-07-20,20.681420708786725
2013-07-21,20.682196832755114
2013-07-22,20.68514961082271
2013-07-23,20.69897417716372
2013-07-24,20.713082382131965
2013-07-25,20.730073525958648
2013-07-26,20.745279253939266
2013-07-27,20.737900343266297
2013-07-28,20.736563444561373
2013-07-29,20.769093938536706
2013-07-30,20.78911980188329
2013-07-31,20.820759982886873
2013-08-01,20.819870606589397
2013-08-02,20.81628434287089
2013-08-03,20.81540781876196
2013-08-04,20.807136979724216
2013-08-05,20.81709392080712
2013-08-06,20.832394133494738
2013-08-07,20.83793328374792
2013-08-08,20.823247862121107
2013-08-09,20.805250156931773
2013-08-10,20.797169028919818
2013-08-11,20.793944363984096
2013-08-12,20.804582119125694
2013-08-13,20.815090938185847
2013-08-14,20.829658745802938
2013-08-15,20.8368427093096
2013-08-16,20.832988098345943
2013-08-17,20.83596337669438
2013-08-18,20.837705887493936
2013-08-19,20.849114285319125
2013-08-20,20.880690077678835
2013-08-21,20.919992620949365
2013-08-22,20.94095760063603
2013-08-23,20.930392795904712
2013-08-24,20.927837758991373
2013-08-25,20.945669209595966
2013-08-26,20.955562212278842
2013-08-27,20.984756109594297
2013-08-28,21.015101730326464
2013-08-29,21.019855880599085
2013-08-30,21.042148436087906
2013-08-31,21.073530156168857
2013-09-01,21.09496541792024
2013-09-02,21.102929079420463
2013-09-03,21.097597182961287
2013-09-04,21.064493760199554
2013-09-05,21.036264236218884
2013-09-06,21.016900918277674
2013-09-07,21.01706284277607
2013-09-08,21.031102258656478
2013-09-09,21.041935344783475
2013-09-10,21.060175155176395
2013-09-11,21.07524753622154
2013-09-12,21.09146218309776
2013-09-13,21.09515101406721
2013-09-14,21.09459514732474
2013-09-15,21.09300960408355
2013-09-16,21.094256846056677
2013-09-17,21.0982259440815
2013-09-18,21.10490571902569
2013-09-19,21.084983391228125
2013-09-20,21.07291385476726
2013-09-21,21.074170458148807
2013-09-22,21.078084609063602
2013-09-23,21.07647027764943
2013-09-24,21.077115182539416
2013-09-25,21.084389206552085
2013-09-26,21.089006452919303
2013-09-27,21.087085900810692
2013-09-28,21.094195481464702
2013-09-29,21.095577592029155
2013-09-30,21.09371040823813
2013-10-01,21.09668211120921
2013-10-02,21.00727514655426
2013-10-03,20.969055054211264
2013-10-04,21.045133232332002
2013-10-05,21.064801045069572
2013-10-06,21.065742801194148
2013-10-07,21.074788743302367
2013-10-08,21.08511423158166
2013-10-09,21.095877089181513
2013-10-10,21.101243072729954
2013-10-11,21.104305536028818
2013-10-12,21.107253371699077
2013-10-13,21.129011771619105
2013-10-14,21.15512433359466
2013-10-15,21.190561591331065
2013-10-16,21.201997897364517
2013-10-17,21.220558396893267
2013-10-18,21.2564512902839
2013-10-19,21.325180744874903
2013-10-20,21.347781194226513
2013-10-21,21.39465296141581
2013-10-22,21.4850141207955
2013-10-23,21.545321117728392
2013-10-24,21.514905048485385
2013-10-25,21.424405967602464
2013-10-26,21.445346819621637
2013-10-27,21.47679920807679
2013-10-28,21.529651213004996
2013-10-29,21.556736361831163
2013-10-30,21.569607407519943
2013-10-31,21.57083583430099
2013-11-01,21.58215169312904
2013-11-02,21.591292525825114
2013-11-03,21.606434789319387
2013-11-04,21.660870546000947
2013-11-05,21.74036791307114
2013-11-06,21.811144054046817
2013-11-07,21.910100828485966
2013-11-08,21.994660704285394
2013-11-09,22.111542707345478
2013-11-10,21.974155403720086
2013-11-11,22.047553530680325
2013-11-12,22.1175024777474
2013-11-13,22.20982474854658
2013-11-14,22.293234249410357
2013-11-15,22.32009764285098
2013-11-16,22.336320948221662
2013-11-17,22.416866890611626
2013-11-18,22.611634532155858
2013-11-19,22.701125796989118
2013-11-20,22.50527819353608
2013-11-21,22.697903974558493
2013-11-22,22.81691654150401
2013-11-23,22.907198983040015
2013-11-24,22.857390992729528
2013-11-25,22.88650964234267
2013-11-26,22.983735864555964
2013-11-27,23.096336331157232
2013-11-28,23.1440682027689
2013-11-29,23.193642288673367
2013-11-30,23.2634535984152
2013-12-01,23.124653785789985
2013-12-02,23.12759301363225
2013-12-03,23.198124556854445
2013-12-04,23.250121456779127
2013-12-05,23.205342372820677
2013-12-06,23.12725014859107
2013-12-07,22.887606719587147
2013-12-08,22.90565897804873
2013-12-09,23.06082668725395
2013-12-10,23.12943882843037
2013-12-11,23.097556651041078
2013-12-12,23.058753156994243
2013-12-13,23.078249762455467
2013-12-14,23.060803743649856
2013-12-15,23.03721063043282
2013-12-16,22.962839786833634
2013-12-17,22.822889267694567
2013-12-18,22.629665281662206
2013-12-19,22.73519394629181
2013-12-20,22.81000036962476
2013-12-21,22.71283261186433
2013-12-22,22.739466683348244
2013-12-23,22.758348962681435
2013-12-24,22.787277244797533
2013-12-25,22.80182004844023
2013-12-26,22.882901614318833
2013-12-27,22.893419037101594
2013-12-28,22.88705129716186
2013-12-29,22.88248455962762
2013-12-30,22.907079115503414
2013-12-31,22.903503686843145
2014-01-01,22.923548479852307
2014-01-02,22.950692236387674
2014-01-03,22.990604656738817
2014-01-04,23.011682062952755
2014-01-05,23.082889223621823
2014-01-06,23.158313121235402
2014-01-07,23.081444008676858
2014-01-08,23.012924250262262
2014-01-09,23.027802578534786
2014-01-10,23.027694142380227
2014-01-11,23.08327329985205
2014-01-12,23.068529875451514
2014-01-13,23.025700574437636
2014-01-14,23.03770279430655
2014-01-15,23.051440856214708
2014-01-16,23.043940867302535
2014-01-17,23.009087035774645
2014-01-18,23.019333946257788
2014-01-19,23.036065743339787
2014-01-20,23.045160755241444
2014-01-21,23.043800706867096
2014-01-22,23.039930609326174
2014-01-23,23.026637158981387
2014-01-24,22.98732934692274
2014-01-25,23.00754869914429
2014-01-26,23.028626764843523
2014-01-27,23.000282573751075
2014-01-28,22.973432530649163
2014-01-29,22.994104715648596
2014-01-30,22.990896107045202
2014-01-31,23.00704881888094
2014-02-01,23.018738357560323
2014-02-02,23.018246658112435
2014-02-03,23.010923091822892
2014-02-04,23.017033692397533
2014-02-05,23.0071746985981
2014-02-06,22.979016516268633
2014-02-07,22.912037232378022
2014-02-08,22.894417795574462
2014-02-09,22.881588520096738
2014-02-10,22.83514648862604
2014-02-11,22.84772182408963
2014-02-12,22.808777065004282
2014-02-13,22.759642501844787
2014-02-14,22.725736608882794
2014-02-15,22.78692237743116
2014-02-16,22.740723369808713
2014-02-17,22.759293294469533
2014-02-18,22.755707687596455
2014-02-19,22.745675657760405
2014-02-20,22.692962756664148
2014-02-21,22.643825086187856
2014-02-22,22.675200941877595
2014-02-23,22.745601919707692
2014-02-24,22.687352717455404
2014-02-25,22.56610141510396
2014-02-26,22.668236233286716
2014-02-27,22.66920111840019
2014-02-28,22.646344910201105
2014-03-01,22.647049017839855
2014-03-02,22.65526727665103
2014-03-03,22.737203694935776
2014-03-04,22.83943771102226
2014-03-05,22.81123425923088
2014-03-06,22.81063531271896
2014-03-07,22.777610756563163
2014-03-08,22.755370556936573
2014-03-09,22.775622231612843
2014-03-10,22.77761461929097
2014-03-11,22.776264451650846
2014-03-12,22.784634712766014
2014-03-13,22.78611191629899
2014-03-14,22.778144897490286
2014-03-15,22.78187500116931
2014-03-16,22.779813160476632
2014-03-17,22.76648486551594
2014-03-18,22.753008003537307
2014-03-19,22.76259658895236
2014-03-20,22.730654516613242
2014-03-21,22.70993277784776
2014-03-22,22.680662274997996
2014-03-23,22.687955973773583
2014-03-24,22.686836735680686
2014-03-25,22.70424302427682
2014-03-26,22.70898012233719
2014-03-27,22.6422323395489
2014-03-28,22.56775393946178
2014-03-29,22.560307122647977
2014-03-30,22.505311094801232
2014-03-31,22.48088662655859
2014-04-01,22.52579975444528
2014-04-02,22.475314176186505
2014-04-03,22.416501947318316
2014-04-04,22.438905502618763
2014-04-05,22.466384630656048
2014-04-06,22.481487160872483
2014-04-07,22.45917386516743
2014-04-08,22.451888372309956
2014-04-09,22.44388658220631
2014-04-10,22.33676746230325
2014-04-11,22.346393544663716
2014-04-12,22.39644601940679
2014-04-13,22.36234307614686
2014-04-14,22.451041660398417
2014-04-15,22.54304100144833
2014-04-16,22.59454007712932
2014-04-17,22.560832858203792
2014-04-18,22.510396772185015
2014-04-19,22.536921816074805
2014-04-20,22.5533203891412
2014-04-21,22.548095564349207
2014-04-22,22.531162292655434
2014-04-23,22.521935998737025
2014-04-24,22.530121580520436
2014-04-25,22.473018506056118
2014-04-26,22.45579996736311
2014-04-27,22.440500029474133
2014-04-28,22.409592399563145
2014-04-29,22.43174275229307
2014-04-30,22.437866370998606
2014-05-01,22.45817828519967
2014-05-02,22.435502943473
2014-05-03,22.41799109396329
2014-05-04,22.418504233385054
2014-05-05,22.412467117550094
2014-05-06,22.40139387915248
2014-05-07,22.415074283900044
2014-05-08,22.42781292625783
2014-05-09,22.43926814030962
2014-05-10,22.45172057613687
2014-05-11,22.43700255706584
2014-05-12,22.43253100310079
2014-05-13,22.432529259357334
2014-05-14,22.4390304635382
2014-05-15,22.44662149401514
2014-05-16,22.446690838071003
2014-05-17,22.44811061163828
2014-05-18,22.44936312872709
2014-05-19,22.449165959886834
2014-05-20,22.483402546079873
2014-05-21,22.542375879515603
2014-05-22,22.58286157532139
2014-05-23,22.622454660758475
2014-05-24,22.601748674151814
2014-05-25,22.681225999520773
2014-05-26,22.71889562188798
2014-05-27,22.700436310567863
2014-05-28,22.693953400849942
2014-05-29,22.682299101866064
2014-05-30,22.747595831612617
2014-05-31,22.770996443985705
2014-06-01,22.825527609769857
2014-06-02,22.80971447945384
2014-06-03,22.845953900283778
2014-06-04,22.81422528612948
2014-06-05,22.835439888718184
2014-06-06,22.834323850035172
2014-06-07,22.82926348687832
2014-06-08,22.83985431751453
2014-06-09,22.828481012312466
2014-06-10,22.836924197604137
2014-06-11,22.82534204448636
2014-06-12,22.777915778452392
2014-06-13,22.759427362911172
2014-06-14,22.714051637911325
2014-06-15,22.712675086126303
2014-06-16,22.757399419225766
2014-06-17,22.758126951392107
2014-06-18,22.77317868073781
2014-06-19,22.762982707217333
2014-06-20,22.746015255173685
2014-06-21,22.746936746694896
2014-06-22,22.758753888300586
2014-06-23,22.745756796790673
2014-06-24,22.739104254668295
2014-06-25,22.709524823846728
2014-06-26,22.71403984756115
2014-06-27,22.745004762823502
2014-06-28,22.764099305140956
2014-06-29,22.758649727014166
2014-06-30,22.807715347540586
2014-07-01,22.846587027712673
2014-07-02,22.835015187839662
2014-07-03,22.832992494465383
2014-07-04,22.82264154702542
2014-07-05,22.816191537972692
2014-07-06,22.823780300105067
2014-07-07,22.810682583716947
2014-07-08,22.801048314890785
2014-07-09,22.801941395711225
2014-07-10,22.794009481098435
2014-07-11,22.804252127012862
2014-07-12,22.815500415036848
2014-07-13,22.814895737137068
2014-07-14,22.804516093290246
2014-07-15,22.805627214877532
2014-07-16,22.79950198082333
2014-07-17,22.8011580035894
2014-07-18,22.805364571784498
2014-07-19,22.8100321559511
2014-07-20,22.804059761119667
2014-07-21,22.803197868691324
2014-07-22,22.80328363206034
2014-07-23,22.80158731458865
2014-07-24,22.772830098309694
2014-07-25,22.771538878157887
2014-07-26,22.761974045409836
2014-07-27,22.76025837648099
2014-07-28,22.73558231527057
2014-07-29,22.741989702753855
2014-07-30,22.725659574301304
2014-07-31,22.736048795344246
2014-08-01,22.761478617142735
2014-08-02,22.754458728024375
2014-08-03,22.747787236618304
2014-08-04,22.75327630817025
2014-08-05,22.74779007002994
2014-08-06,22.74773905695915
2014-08-07,22.756980745537316
2014-08-08,22.767685719951082
2014-08-09,22.757685436295187
2014-08-10,22.760230984701053
2014-08-11,22.74744816972785
2014-08-12,22.72987615319983
2014-08-13,22.68696206686834
2014-08-14,22.630769978223018
2014-08-15,22.605981872438406
2014-08-16,22.60320973086065
2014-08-17,22.594865651989608
2014-08-18,22.507703438099426
2014-08-19,22.52634988439622
2014-08-20,22.578800623333457
2014-08-21,22.63507882411187
2014-08-22,22.621100751259334
2014-08-23,22.602109493263377
2014-08-24,22.612610960878587
2014-08-25,22.607960671064024
2014-08-26,22.622051797224323
2014-08-27,22.63079050959824
2014-08-28,22.620092807357743
2014-08-29,22.613509809901693
2014-08-30,22.608402141302108
2014-08-31,22.577913353685716
2014-09-01,22.56525839565169
2014-09-02,22.5595955934601
2014-09-03,22.554871333713848
2014-09-04,22.57004311933118
2014-09-05,22.575232420925385
2014-09-06,22.570373550952073
2014-09-07,22.573964798683196
2014-09-08,22.550788556396824
2014-09-09,22.543656067401333
2014-09-10,22.56200222232351
2014-09-11,22.554239753122218
2014-09-12,22.547152413643687
2014-09-13,22.553484184974867
2014-09-14,22.55243953669702
2014-09-15,22.548834665867265
2014-09-16,22.532258266893212
2014-09-17,22.50253128763245
2014-09-18,22.44792007554341
2014-09-19,22.370928726953622
2014-09-20,22.39877591182632
2014-09-21,22.35648616699103
2014-09-22,22.361481407773674
2014-09-23,22.409644177711606
2014-09-24,22.435807002156277
2014-09-25,22.400331340549624
2014-09-26,22.38596656318078
2014-09-27,22.377574706720416
2014-09-28,22.341000945251768
2014-09-29,22.32296418119333
2014-09-30,22.33562447430782
2014-10-01,22.34018492923925
2014-10-02,22.320360316489488
2014-10-03,22.2764795202071
2014-10-04,22.210514013015157
2014-10-05,22.1322783199493
2014-10-06,22.185313896305374
2014-10-07,22.192209968626962
2014-10-08,22.23217070581744
2014-10-09,22.294820335915272
2014-10-10,22.288133843121898
2014-10-11,22.278098668656437
2014-10-12,22.298939856298418
2014-10-13,22.334834923415006
2014-10-14,22.390448146954007
2014-10-15,22.3704321917668
2014-10-16,22.345391713256838
2014-10-17,22.336854730525218
2014-10-18,22.35662304098649
2014-10-19,22.35867161093419
2014-10-20,22.344570125821633
2014-10-21,22.35067843328018
2014-10-22,22.344628510159474
2014-10-23,22.30083363961844
2014-10-24,22.27977406799967
2014-10-25,22.25547011070905
2014-10-26,22.274132341664146
2014-10-27,22.26886181927373
2014-10-28,22.274210658125376
2014-10-29,22.242800897193565
2014-10-30,22.234752377436983
2014-10-31,22.237079448585355
2014-11-01,22.198051033679615
2014-11-02,22.193871248161074
2014-11-03,22.200633811510556
2014-11-04,22.193518934005525
2014-11-05,22.224508316918385
2014-11-06,22.243379860449604
2014-11-07,22.253015131643068
2014-11-08,22.246967566258196
2014-11-09,22.27979761886119
2014-11-10,22.321065613842016
2014-11-11,22.314963595243587
2014-11-12,22.38715998680577
2014-11-13,22.46390530484098
2014-11-14,22.390232938696958
2014-11-15,22.35763988119572
2014-11-16,22.36036128866752
2014-11-17,22.392201593185675
2014-11-18,22.347017210496563
2014-11-19,22.349019100052338
2014-11-20,22.307445368348354
2014-11-21,22.271186406444627
2014-11-22,22.29151629287883
2014-11-23,22.302080129824176
2014-11-24,22.345154526362553
2014-11-25,22.35905315458537
2014-11-26,22.326075462944374
2014-11-27,22.32416637266933
2014-11-28,22.323201162475062
2014-11-29,22.351083632310644
2014-11-30,22.345061570199704
2014-12-01,22.354641400400457
2014-12-02,22.35604670544779
2014-12-03,22.34262735730237
2014-12-04,22.32837527403265
2014-12-05,22.326290287027387
2014-12-06,22.333405858843967
2014-12-07,22.334484025348434
2014-12-08,22.313219212892086
2014-12-09,22.269670736103713
2014-12-10,22.264416446064644
2014-12-11,22.2713617378516
2014-12-12,22.2689249327677
2014-12-13,22.26278852015241
2014-12-14,22.257826219993564
2014-12-15,22.251580613387777
2014-12-16,22.21655062267557
2014-12-17,22.19024804390115
2014-12-18,22.16647564940714
2014-12-19,22.168508582605206
2014-12-20,22.204727915677914
2014-12-21,22.193020545795374
2014-12-22,22.212713143057066
2014-12-23,22.225429430903105
2014-12-24,22.213607482738656
2014-12-25,22.18887199853839
2014-12-26,22.2021705636954
2014-12-27,22.183968172946848
2014-12-28,22.17405249454178
2014-12-29,22.174302370418683
2014-12-30,22.167008245555596
2014-12-31,22.168297456167114
2015-01-01,22.179064906942145
2015-01-02,22.175443609121366
2015-01-03,22.128954786733885
2015-01-04,22.04823996202263
2015-01-05,22.03315222971722
2015-01-06,22.051528984800665
2015-01-07,22.098803440280825
2015-01-08,22.090497444071357
2015-01-09,22.079393781219384
2015-01-10,22.051603775578602
2015-01-11,22.026119171601195
2015-01-12,22.016073570180062
2015-01-13,21.902782735897112
2015-01-14,21.700023993152712
2015-01-15,21.743946998457062
2015-01-16,21.769752537949447
2015-01-17,21.729545719571245
2015-01-18,21.758800154066044
2015-01-19,21.779151059611273
2015-01-20,21.775498004955775
2015-01-21,21.79944160137519
2015-01-22,21.865688035546363
2015-01-23,21.857479997370813
2015-01-24,21.89028532189389
2015-01-25,21.93623495690064
2015-01-26,22.04800106853039
2015-01-27,21.96890304080584
2015-01-28,21.922031006047465
2015-01-29,21.850441043454634
2015-01-30,21.85903657401729
2015-01-31,21.843045504873075
2015-02-01,21.810018732855053
2015-02-02,21.844434657432316
2015-02-03,21.88423993098681
2015-02-04,21.8435603859468
2015-02-05,21.834176551658597
2015-02-06,21.823226091367005
2015-02-07,21.84569191540527
2015-02-08,21.844856346548134
2015-02-09,21.828740788582973
2015-02-10,21.82052262667412
2015-02-11,21.82604373905378
2015-02-12,21.82008626853039
2015-02-13,21.87535979632563
2015-02-14,21.93665693101278
2015-02-15,21.9561987616212
2015-02-16,21.890257031151833
2015-02-17,21.90849016818633
2015-02-18,21.901361219194833
2015-02-19,21.901015123256524
2015-02-20,21.9129292052845
2015-02-21,21.914144727825892
2015-02-22,21.899690063894234
2015-02-23,21.881359391617366
2015-02-24,21.88795580601353
2015-02-25,21.887920978427598
2015-02-26,21.885101547700785
2015-02-27,21.94947108593462
2015-02-28,21.95553857457758
2015-03-01,21.951824959921034
2015-03-02,21.997091788855684
2015-03-03,22.03967702957899
2015-03-04,22.062387266471024
2015-03-05,22.034042144253018
2015-03-06,22.043284266371387
2015-03-07,22.05053852523105
2015-03-08,22.05488614799044
2015-03-09,22.085663263752497
2015-03-10,22.118883565587346
2015-03-11,22.12112808037349
2015-03-12,22.12462397649839
2015-03-13,22.111918413788572
2015-03-14,22.077596935573183
2015-03-15,22.07970947448987
2015-03-16,22.112157796883373
2015-03-17,22.103669292202024
2015-03-18,22.034813540073117
2015-03-19,21.985347919863756
2015-03-20,21.998904053897675
2015-03-21,21.998983015900308
2015-03-22,22.021560514771934
2015-03-23,22.03251814184854
2015-03-24,21.98523426064126
2015-03-25,21.948835370263996
2015-03-26,21.968293746572172
2015-03-27,21.95694589395089
2015-03-28,21.974004195014835
2015-03-29,21.94237125128692
2015-03-30,21.94399875392898
2015-03-31,21.945820025507636
2015-04-01,21.936942299030942
2015-04-02,21.958555782263836
2015-04-03,21.97587375027849
2015-04-04,21.972846997713162
2015-04-05,21.98495622829583
2015-04-06,21.989978225448915
2015-04-07,21.968274921343813
2015-04-08,21.955948224485773
2015-04-09,21.940012672816813
2015-04-10,21.915023565574483
2015-04-11,21.903823363252716
2015-04-12,21.9050225380247
2015-04-13,21.885198897784196
2015-04-14,21.839850813579496
2015-04-15,21.850470670240988
2015-04-16,21.873994301042583
2015-04-17,21.862993724708733
2015-04-18,21.856218592985947
2015-04-19,21.8645552728344
2015-04-20,21.861433315516525
2015-04-21,21.869282646731808
2015-04-22,21.91175678623703
2015-04-23,21.906798558130355
2015-04-24,21.89549342104204
2015-04-25,21.882584159018904
2015-04-26,21.8406832081427
2015-04-27,21.87276246815933
2015-04-28,21.888943352877455
2015-04-29,21.88733879769019
2015-04-30,21.919526497594525
2015-05-01,21.9267538688892
2015-05-02,21.92006569992771
2015-05-03,21.94526188611201
2015-05-04,21.942512911311848
2015-05-05,21.926981916521367
2015-05-06,21.92169743731954
2015-05-07,21.918797216790164
2015-05-08,21.947672482546356
2015-05-09,21.95193340898235
2015-05-10,21.95011940623817
2015-05-11,21.950623573562872
2015-05-12,21.95044176004419
2015-05-13,21.951775023708205
2015-05-14,21.931841698132367
2015-05-15,21.935155585800015
2015-05-16,21.9332154965347
2015-05-17,21.932773939304553
2015-05-18,21.927742199065836
2015-05-19,21.91841343161488
2015-05-20,21.920799332049842
2015-05-21,21.92836605939763
2015-05-22,21.935908710960618
2015-05-23,21.95177804144337
2015-05-24,21.953224197747982
2015-05-25,21.94586308507697
2015-05-26,21.942180481709073
2015-05-27,21.94459854224624
2015-05-28,21.943783508413894
2015-05-29,21.941019683099142
2015-05-30,21.930237971780237
2015-05-31,21.91983222566422
2015-06-01,21.90136691220979
2015-06-02,21.892739491622283
2015-06-03,21.898359404152114
2015-06-04,21.895219323633984
2015-06-05,21.891068470846694
2015-06-06,21.896116439416257
2015-06-07,21.89398606875723
2015-06-08,21.898441156073424
2015-06-09,21.910982538203925
2015-06-10,21.911266171726194
2015-06-11,21.913490408435973
2015-06-12,21.91899997607935
2015-06-13,21.918623919583037
2015-06-14,21.9304865756185
2015-06-15,21.940739973218054
2015-06-16,21.965442054459132
2015-06-17,21.997089095889745
2015-06-18,21.98810352401205
2015-06-19,21.97976478027458
2015-06-20,21.968569841549343
2015-06-21,21.973572682210474
2015-06-22,21.97951974786274
2015-06-23,21.976823030532945
2015-06-24,21.970051611268907
2015-06-25,21.971326287917545
2015-06-26,21.96746259284056
2015-06-27,21.980663283353884
2015-06-28,21.990136029550268
2015-06-29,22.00595776080482
2015-06-30,22.046137323963077
2015-07-01,22.029565009055403
2015-07-02,22.022358185452312
2015-07-03,22.014058703537483
2015-07-04,22.019773356854888
2015-07-05,22.048524400822586
2015-07-06,22.069821950195028
2015-07-07,22.050238612226504
2015-07-08,22.06069868030126
2015-07-09,22.06959456697053
2015-07-10,22.109850709613735
2015-07-11,22.14837301890821
2015-07-12,22.187188078389823
2015-07-13,22.13284966304679
2015-07-14,22.134064085044237
2015-07-15,22.133499168447027
2015-07-16,22.107659673462987
2015-07-17,22.094009292841378
2015-07-18,22.08421087061092
2015-07-19,22.071083296716424
2015-07-20,22.08381600252509
2015-07-21,22.096561175925437
2015-07-22,22.089286463226387
2015-07-23,22.091667607108782
2015-07-24,22.11675355994095
2015-07-25,22.133752678294258
2015-07-26,22.140048625596602
2015-07-27,22.13448316973174
2015-07-28,22.14279384367571
2015-07-29,22.13825462368665
2015-07-30,22.131247036865656
2015-07-31,22.118750342773957
2015-08-01,22.111148716702232
2015-08-02,22.11187975132145
2015-08-03,22.119679667337532
2015-08-04,22.120629483102217
2015-08-05,22.115106233341905
2015-08-06,22.107267348745125
2015-08-07,22.098404090213638
2015-08-08,22.072258060688927
2015-08-09,22.04636862565254
2015-08-10,22.048077119506292
2015-08-11,22.051479641977966
2015-08-12,22.05955858856821
2015-08-13,22.049450437342394
2015-08-14,22.057828879602315
2015-08-15,22.05323819457297
2015-08-16,22.03290668372896
2015-08-17,22.03330867584209
2015-08-18,22.005579091142202
2015-08-19,21.90950084519618
2015-08-20,21.9255953067375
2015-08-21,21.926654371419954
2015-08-22,21.90890758255182
2015-08-23,21.901421839888478
2015-08-24,21.860014287392982
2015-08-25,21.84671141871543
2015-08-26,21.9000899665817
2015-08-27,21.89911894088182
2015-08-28,21.908492664346486
2015-08-29,21.914086820175882
2015-08-30,21.914101704946706
2015-08-31,21.913462500796573
2015-09-01,21.90892693009818
2015-09-02,21.90344070508216
2015-09-03,21.904900688490915
2015-09-04,21.911581373488797
2015-09-05,21.923988418215274
2015-09-06,21.95264884433308
2015-09-07,21.963150036398883
2015-09-08,21.98617022977517
2015-09-09,21.965594218861444
2015-09-10,21.95752859441035
2015-09-11,21.96594638624533
2015-09-12,21.958414899677585
2015-09-13,21.932754297932895
2015-09-14,21.927731924987928
2015-09-15,21.925411172367767
2015-09-16,21.92131394899317
2015-09-17,21.933668945977466
2015-09-18,21.939361679986416
2015-09-19,21.931736846361428
2015-09-20,21.935764236483404
2015-09-21,21.92218200732098
2015-09-22,21.927510621682323
2015-09-23,21.92817492781927
2015-09-24,21.944201526491433
2015-09-25,21.950375141210614
2015-09-26,21.946176334032238
2015-09-27,21.94700157307479
2015-09-28,21.960143433518358
2015-09-29,21.964162850921205
2015-09-30,21.963385058520778
2015-10-01,21.957907289251864
2015-10-02,21.962882807932186
2015-10-03,21.963543322028926
2015-10-04,21.966916294916267
2015-10-05,21.970300046822913
2015-10-06,21.987033425315698
2015-10-07,21.996136076245378
2015-10-08,21.989840383814514
2015-10-09,21.98765981114678
2015-10-10,21.993227460469086
2015-10-11,21.996234553994675
2015-10-12,21.9982457587631
2015-10-13,22.00379003601485
2015-10-14,22.020459250170482
2015-10-15,22.037471618028672
2015-10-16,22.0602001679291
2015-10-17,22.09073688562975
2015-10-18,22.0698811571569
2015-10-19,22.06654044440838
2015-10-20,22.084918932970126
2015-10-21,22.082532327219155
2015-10-22,22.09505434328522
2015-10-23,22.10833672943369
2015-10-24,22.11656123476655
2015-10-25,22.14966334075448
2015-10-26,22.136640835833997
2015-10-27,22.165310164148092
2015-10-28,22.1985340282677
2015-10-29,22.218716417069185
2015-10-30,22.256264818960858
2015-10-31,22.24375590679651
2015-11-01,22.22844753708855
2015-11-02,22.274371148688207
2015-11-03,22.384303508083075
2015-11-04,22.550416250725945
2015-11-05,22.486840638484107
2015-11-06,22.401822418421286
2015-11-07,22.429930577603848
2015-11-08,22.424499258322555
2015-11-09,22.413490824313218
2015-11-10,22.396785852250108
2015-11-11,22.266242754273502
2015-11-12,22.298568818405034
2015-11-13,22.31314304103958
2015-11-14,22.31015791050162
2015-11-15,22.284260961279028
2015-11-16,22.28018208359047
2015-11-17,22.311738210773008
2015-11-18,22.312868112643525
2015-11-19,22.29987151240472
2015-11-20,22.275974215064473
2015-11-21,22.29119630686945
2015-11-22,22.283380851013412
2015-11-23,22.283033669708956
2015-11-24,22.27731892556423
2015-11-25,22.2901405698771
2015-11-26,22.343753689501156
2015-11-27,22.371951826197865
2015-11-28,22.387096301303977
2015-11-29,22.403112317469304
2015-11-30,22.4462412498484
2015-12-01,22.422079037961545
2015-12-02,22.39044298555495
2015-12-03,22.408189253001947
2015-12-04,22.403029636114393
2015-12-05,22.443608701245783
2015-12-06,22.493117877767723
2015-12-07,22.493992731653208
2015-12-08,22.497774593722042
2015-12-09,22.552813300687912
2015-12-10,22.548259450594575
2015-12-11,22.58754794967995
2015-12-12,22.587725658143192
2015-12-13,22.59661862318557
2015-12-14,22.60990896685062
2015-12-15,22.64421124432688
2015-12-16,22.644031544820045
2015-12-17,22.64120523276404
2015-12-18,22.650817894846366
2015-12-19,22.65804894646837
2015-12-20,22.63877997460552
2015-12-21,22.602753360692173
2015-12-22,22.60660554155866
2015-12-23,22.610970390444894
2015-12-24,22.640851923245542
2015-12-25,22.641963175134936
2015-12-26,22.583122584760016
2015-12-27,22.557017233176747
2015-12-28,22.57363818783716
2015-12-29,22.576203190285636
2015-12-30,22.585582825494672
2015-12-31,22.577501630570218
2016-01-01,22.593689113601872
2016-01-02,22.59618288368807
2016-01-03,22.587219054894796
2016-01-04,22.59337857231422
2016-01-05,22.594656425310905
2016-01-06,22.589323616188977
2016-01-07,22.63084171744032
2016-01-08,22.64638040580704
2016-01-09,22.635746221588356
2016-01-10,22.623694822695295
2016-01-11,22.630189583281325
2016-01-12,22.626806553596563
2016-01-13,22.58812888692931
2016-01-14,22.592649749124522
2016-01-15,22.52962205112008
2016-01-16,22.445547922866332
2016-01-17,22.48048635485106
2016-01-18,22.476996351235172
2016-01-19,22.478515928280828
2016-01-20,22.503121970401452
2016-01-21,22.556007735024448
2016-01-22,22.505194877621065
2016-01-23,22.493261469193204
2016-01-24,22.512746061000826
2016-01-25,22.51286860249345
2016-01-26,22.505233121340556
2016-01-27,22.50835459101108
2016-01-28,22.4818394257588
2016-01-29,22.461404842870763
2016-01-30,22.46769981052922
2016-01-31,22.46660051614777
2016-02-01,22.454951149449318
2016-02-02,22.458024493620666
2016-02-03,22.452712702643147
2016-02-04,22.469412541022095
2016-02-05,22.494514649064325
2016-02-06,22.467175257183246
2016-02-07,22.46825569710801
2016-02-08,22.466913614240685
2016-02-09,22.460861666283844
2016-02-10,22.474686841089177
2016-02-11,22.478392320457957
2016-02-12,22.48383839824117
2016-02-13,22.50189917217262
2016-02-14,22.527931526619657
2016-02-15,22.53968139191888
2016-02-16,22.540369968248182
2016-02-17,22.56496490409492
2016-02-18,22.57948655901442
2016-02-19,22.579664547864553
2016-02-20,22.601956751914123
2016-02-21,22.621738245045606
2016-02-22,22.618518232021593
2016-02-23,22.59663300568612
2016-02-24,22.58195153275452
2016-02-25,22.58714403248282
2016-02-26,22.589666996732323
2016-02-27,22.608563123696502
2016-02-28,22.60154039992483
2016-02-29,22.61940210724371
2016-03-01,22.614826315425763
2016-03-02,22.60789748388966
2016-03-03,22.584113327312323
2016-03-04,22.580134637337743
2016-03-05,22.542575240697225
2016-03-06,22.54388830539799
2016-03-07,22.55730610779803
2016-03-08,22.564538572810537
2016-03-09,22.563026714437093
2016-03-10,22.56780702759638
2016-03-11,22.581921994960307
2016-03-12,22.56722007302193
2016-03-13,22.566046626605452
2016-03-14,22.56931855389884
2016-03-15,22.57378751807582
2016-03-16,22.573245439995787
2016-03-17,22.580189785265723
2016-03-18,22.568011263299827
2016-03-19,22.554716961622145
2016-03-20,22.56163952946259
2016-03-21,22.56061134610799
2016-03-22,22.574258049659875
2016-03-23,22.578591827260507
2016-03-24,22.576026837343804
2016-03-25,22.57515716833029
2016-03-26,22.577532954297265
2016-03-27,22.58541244326568
2016-03-28,22.595177714599885
2016-03-29,22.58235288723469
2016-03-30,22.570351026675958
2016-03-31,22.575735937938997
2016-04-01,22.57635433928598
2016-04-02,22.583760909104033
2016-04-03,22.583605180656562
2016-04-04,22.58523677302795
2016-04-05,22.591244685464712
2016-04-06,22.59225471361195
2016-04-07,22.58945297297041
2016-04-08,22.590411802655627
2016-04-09,22.58256728366803
2016-04-10,22.587512553412814
2016-04-11,22.590607843443912
2016-04-12,22.599618142601255
2016-04-13,22.599499046307745
2016-04-14,22.598856916727602
2016-04-15,22.60674985193611
2016-04-16,22.614608646494755
2016-04-17,22.610371878043864
2016-04-18,22.609434098487487
2016-04-19,22.612925877863365
2016-04-20,22.631302421242154
2016-04-21,22.646693970643433
2016-04-22,22.65202309265781
2016-04-23,22.653102205023174
2016-04-24,22.668364833821013
2016-04-25,22.679067286965562
2016-04-26,22.691729359996238
2016-04-27,22.68243379190195
2016-04-28,22.650696885568756
2016-04-29,22.66203316439513
2016-04-30,22.667994651357784
2016-05-01,22.664073264807048
2016-05-02,22.656027324989083
2016-05-03,22.656540066249345
2016-05-04,22.658207602608883
2016-05-05,22.657736335714162
2016-05-06,22.668690776020682
2016-05-07,22.683301027246177
2016-05-08,22.682684021024777
2016-05-09,22.68406234247604
2016-05-10,22.67698783816185
2016-05-11,22.672472262451194
2016-05-12,22.669236596450588
2016-05-13,22.676578147284097
2016-05-14,22.678535911199486
2016-05-15,22.680851821233563
2016-05-16,22.680712400791307
2016-05-17,22.675768913954126
2016-05-18,22.67707751496674
2016-05-19,22.667459640637624
2016-05-20,22.649773889159654
2016-05-21,22.6512332095588
2016-05-22,22.649649888944676
2016-05-23,22.65085428908663
2016-05-24,22.658855148197905
2016-05-25,22.665828224209616
2016-05-26,22.672163462760118
2016-05-27,22.71847140223772
2016-05-28,22.769884631211248
2016-05-29,22.820061571859437
2016-05-30,22.840704038605093
2016-05-31,22.845203753389207
2016-06-01,22.83938362346968
2016-06-02,22.844100489788342
2016-06-03,22.87632278178242
2016-06-04,22.91070837980683
2016-06-05,22.915643507875345
2016-06-06,22.92745638613212
2016-06-07,22.926113120203194
2016-06-08,22.917542161564683
2016-06-09,22.917347722863695
2016-06-10,22.91546279998369
2016-06-11,22.926975393940666
2016-06-12,23.02402676937077
2016-06-13,23.097374803471105
2016-06-14,23.0961266459504
2016-06-15,23.091689017244747
2016-06-16,23.165775711056668
2016-06-17,23.17930302627222
2016-06-18,23.184017848928402
2016-06-19,23.19110460738893
2016-06-20,23.183907700282134
2016-06-21,23.09214225817
2016-06-22,23.044307151533253
2016-06-23,22.945936091432976
2016-06-24,23.048621598144237
2016-06-25,23.07427712111785
2016-06-26,23.030777063894448
2016-06-27,23.02670131056434
2016-06-28,23.042004746947
2016-06-29,23.02073535165306
2016-06-30,23.047962078588796
2016-07-01,23.083098241317792
2016-07-02,23.09744651662378
2016-07-03,23.082392280185818
2016-07-04,23.075446026731353
2016-07-05,23.077398835756767
2016-07-06,23.07903451090508
2016-07-07,23.033826628628752
2016-07-08,23.039840438164028
2016-07-09,23.047714643992204
2016-07-10,23.041321543088227
2016-07-11,23.04299745556666
2016-07-12,23.05434501518362
2016-07-13,23.06350921949158
2016-07-14,23.057702838963003
2016-07-15,23.062686419843732
2016-07-16,23.065541133442817
2016-07-17,23.075847184014773
2016-07-18,23.087390215019003
2016-07-19,23.078306907654714
2016-07-20,23.076107903723255
2016-07-21,23.068829922578747
2016-07-22,23.064435981680745
2016-07-23,23.055621529751313
2016-07-24,23.059755958883425
2016-07-25,23.059568992202987
2016-07-26,23.053287851905843
2016-07-27,23.0549788170213
2016-07-28,23.0579043227622
2016-07-29,23.05861093702864
2016-07-30,23.05877935754446
2016-07-31,23.029186149108526
2016-08-01,23.00441138397163
2016-08-02,22.963069268034868
2016-08-03,22.88809942469657
2016-08-04,22.924925683806023
2016-08-05,22.925402474559185
2016-08-06,22.929745269685437
2016-08-07,22.95383435398461
2016-08-08,22.953335349027792
2016-08-09,22.948484319572245
2016-08-10,22.954504061690166
2016-08-11,22.959017016083532
2016-08-12,22.95031103391907
2016-08-13,22.95000674183573
2016-08-14,22.932133577383016
2016-08-15,22.919568220859624
2016-08-16,22.92493141177249
2016-08-17,22.929422155592466
2016-08-18,22.928408303677475
2016-08-19,22.92978537740397
2016-08-20,22.935315063592302
2016-08-21,22.941029490812795
2016-08-22,22.944047853159358
2016-08-23,22.946812347697534
2016-08-24,22.9410420284473
2016-08-25,22.93237561925373
2016-08-26,22.937025006493073
2016-08-27,22.93001570179237
2016-08-28,22.9266154474659
2016-08-29,22.931480185588434
2016-08-30,22.934816340966936
2016-08-31,22.93098057014113
2016-09-01,22.928658060838316
2016-09-02,22.928952362576258
2016-09-03,22.9405198147745
2016-09-04,22.981901589534466
2016-09-05,22.984393820965206
2016-09-06,22.986422970697188
2016-09-07,22.991835958212274
2016-09-08,23.010252185043367
2016-09-09,23.012485386368656
2016-09-10,23.014680715438693
2016-09-11,23.00902271089298
2016-09-12,22.987837956423963
2016-09-13,22.991093600812373
2016-09-14,22.993388546096806
2016-09-15,22.992297626550336
2016-09-16,22.99018993783959
2016-09-17,22.988810568523846
2016-09-18,22.98980727314667
2016-09-19,22.993132311289056
2016-09-20,22.99122667945675
2016-09-21,22.973468811841556
2016-09-22,22.97348704615021
2016-09-23,22.976288327357274
2016-09-24,22.98289471250247
2016-09-25,22.981759865223967
2016-09-26,22.985284686879677
2016-09-27,22.98745481652734
2016-09-28,22.985794566312556
2016-09-29,22.98566195627022
2016-09-30,22.986177259177364
2016-10-01,22.997246619112016
2016-10-02,22.996060461686415
2016-10-03,22.99610977521271
2016-10-04,22.993959941141775
2016-10-05,22.995955839806477
2016-10-06,22.997058973366602
2016-10-07,23.001579334792304
2016-10-08,23.00733566044552
2016-10-09,23.00640580456485
2016-10-10,23.006069980201318
2016-10-11,23.03072829831798
2016-10-12,23.039808199805233
2016-10-13,23.037489211640334
2016-10-14,23.038778969352418
2016-10-15,23.043103763980824
2016-10-16,23.044125426808478
2016-10-17,23.04254124115849
2016-10-18,23.0400038789938
2016-10-19,23.033223823539267
2016-10-20,23.02747207936734
2016-10-21,23.031184862694904
2016-10-22,23.04748112660608
2016-10-23,23.06634472344065
2016-10-24,23.06169251391593
2016-10-25,23.06806203165242
2016-10-26,23.083977819772766
2016-10-27,23.109626864902783
2016-10-28,23.114259845800888
2016-10-29,23.14311332217446
2016-10-30,23.142450708579844
2016-10-31,23.134097772296876
2016-11-01,23.164222619231055
2016-11-02,23.170850110878174
2016-11-03,23.169948546637766
2016-11-04,23.134495223722446
2016-11-05,23.140137551101795
2016-11-06,23.148740018338323
2016-11-07,23.142064565042894
2016-11-08,23.14485904137387
2016-11-09,23.17092890600606
2016-11-10,23.15704242463778
2016-11-11,23.157460366327278
2016-11-12,23.149299155263442
2016-11-13,23.131765256966453
2016-11-14,23.139803006969885
2016-11-15,23.1516473476278
2016-11-16,23.168131956669725
2016-11-17,23.19683713612487
2016-11-18,23.19689940843394
2016-11-19,23.203892192330166
2016-11-20,23.1941629839821
2016-11-21,23.186258576007056
2016-11-22,23.196453793110702
2016-11-23,23.197337620405893
2016-11-24,23.1921114515542
2016-11-25,23.18747583329593
2016-11-26,23.187327064501535
2016-11-27,23.184508821183925
2016-11-28,23.18465813359866
2016-11-29,23.184398975197485
2016-11-30,23.19184103611767
2016-12-01,23.205189860206218
2016-12-02,23.23179145520767
2016-12-03,23.22776080291401
2016-12-04,23.227277455527403
2016-12-05,23.215436823185627
2016-12-06,23.216575844248364
2016-12-07,23.223107880810407
2016-12-08,23.23121497536676
2016-12-09,23.23373675282041
2016-12-10,23.238383006739785
2016-12-11,23.232395441817186
2016-12-12,23.241709117240017
2016-12-13,23.2460542341615
2016-12-14,23.244991543378344
2016-12-15,23.2450913998929
2016-12-16,23.24818193178574
2016-12-17,23.25799081604975
2016-12-18,23.25941116220121
2016-12-19,23.26174647633331
2016-12-20,23.26248781924886
2016-12-21,23.288971216781768
2016-12-22,23.338836734576837
2016-12-23,23.387421469601154
2016-12-24,23.39095161438241
2016-12-25,23.361734649991188
2016-12-26,23.39016793626395
2016-12-27,23.40596201751123
2016-12-28,23.448281546815018
2016-12-29,23.464413386999958
2016-12-30,23.44922204731312
2016-12-31,23.451259621030996
2017-01-01,23.47030685516245
2017-01-02,23.50959658547552
2017-01-03,23.51697422407709
2017-01-04,23.572160329023877
2017-01-05,23.543994039980916
2017-01-06,23.425608286917885
2017-01-07,23.355897055768345
2017-01-08,23.40493397560452
2017-01-09,23.384995048955837
2017-01-10,23.394443285482595
2017-01-11,23.330577747209457
2017-01-12,23.25425357060967
2017-01-13,23.2845258458927
2017-01-14,23.30964278429658
2017-01-15,23.298277190922693
2017-01-16,23.310244505282835
2017-01-17,23.366071149590162
2017-01-18,23.377381859664784
2017-01-19,23.385675817274358
2017-01-20,23.38816102519796
2017-01-21,23.413232103864928
2017-01-22,23.419940001080644
2017-01-23,23.417034667953214
2017-01-24,23.404090115865774
2017-01-25,23.390849809472268
2017-01-26,23.401909866030493
2017-01-27,23.41374048367951
2017-01-28,23.416296834628913
2017-01-29,23.41498105043049
2017-01-30,23.41527690082705
2017-01-31,23.438990891933614
2017-02-01,23.472135225588936
2017-02-02,23.492688074410616
2017-02-03,23.512666855680834
2017-02-04,23.517489905719653
2017-02-05,23.5203625871809
2017-02-06,23.52107761472536
2017-02-07,23.541339197249826
2017-02-08,23.55237766616077
2017-02-09,23.52388836869534
2017-02-10,23.477521845516208
2017-02-11,23.507963109222327
2017-02-12,23.504776963203053
2017-02-13,23.499611366166533
2017-02-14,23.507704358421396
2017-02-15,23.511399559535416
2017-02-16,23.528082622538165
2017-02-17,23.547615406207097
2017-02-18,23.560243943734704
2017-02-19,23.5539386973521
2017-02-20,23.55670453537313
2017-02-21,23.596314089153385
2017-02-22,23.61424057506901
2017-02-23,23.636802590976945
2017-02-24,23.670081835761867
2017-02-25,23.65765009726197
2017-02-26,23.654501084501895
2017-02-27,23.673371191840417
2017-02-28,23.68069920006442
2017-03-01,23.69163729191352
2017-03-02,23.719641111880698
2017-03-03,23.745991984230187
2017-03-04,23.746798418419036
2017-03-05,23.739505652619073
2017-03-06,23.74891138325936
2017-03-07,23.73199868339419
2017-03-08,23.68693348971983
2017-03-09,23.669059028332377
2017-03-10,23.691836977918786
2017-03-11,23.663102359143032
2017-03-12,23.685855785229055
2017-03-13,23.714253746834483
2017-03-14,23.722506238816212
2017-03-15,23.729644844501667
2017-03-16,23.705972176690594
2017-03-17,23.631996775914892
2017-03-18,23.547085880650336
2017-03-19,23.522442197397837
2017-03-20,23.547040126608902
2017-03-21,23.594213234817644
2017-03-22,23.569720320786093
2017-03-23,23.551866425112742
2017-03-24,23.507257754973754
2017-03-25,23.442213303454018
2017-03-26,23.483295438748065
2017-03-27,23.513129162409268
2017-03-28,23.554010133529648
2017-03-29,23.545037293373266
2017-03-30,23.546528215196904
2017-03-31,23.56554403053278
2017-04-01,23.590084900947947
2017-04-02,23.596518841306317
2017-04-03,23.634655352250956
2017-04-04,23.643987778357722
2017-04-05,23.631658771864505
2017-04-06,23.66261501200817
2017-04-07,23.68419135730514
2017-04-08,23.683321897976306
2017-04-09,23.68868853676846
2017-04-10,23.70081990774498
2017-04-11,23.70494659295864
2017-04-12,23.709247119687188
2017-04-13,23.68661293096494
2017-04-14,23.681608719257053
2017-04-15,23.684376432406268
2017-04-16,23.684111621847297
2017-04-17,23.68662899933085
2017-04-18,23.709425784371945
2017-04-19,23.708566608780096
2017-04-20,23.722030311578724
2017-04-21,23.740999146534104
2017-04-22,23.737508381740593
2017-04-23,23.737764657083613
2017-04-24,23.742067548601877
2017-04-25,23.750979563034992
2017-04-26,23.770206707663743
2017-04-27,23.789838002514276
2017-04-28,23.79587456602223
2017-04-29,23.802438823102797
2017-04-30,23.804106127131735
2017-05-01,23.843141121193444
2017-05-02,23.87677766901837
2017-05-03,23.89394826354898
2017-05-04,23.93121064761108
2017-05-05,23.942277370245804
2017-05-06,23.939628690746066
2017-05-07,23.947134954831498
2017-05-08,23.984848370472854
2017-05-09,24.04569727823733
2017-05-10,24.057737865179742
2017-05-11,24.102931775613335
2017-05-12,24.082399915302684
2017-05-13,24.045734855206053
2017-05-14,24.089798665438504
2017-05-15,24.059200043683962
2017-05-16,24.051636225619824
2017-05-17,24.09767409629336
2017-05-18,24.124020603835763
2017-05-19,24.169967282029646
2017-05-20,24.20320986244641
2017-05-21,24.231671756490947
2017-05-22,24.281447795268633
2017-05-23,24.30841512696242
2017-05-24,24.383236000390486
2017-05-25,24.45997293341615
2017-05-26,24.382567241530577
2017-05-27,24.239998146318424
2017-05-28,24.28641731531333
2017-05-29,24.309338746240734
2017-05-30,24.33165754691235
2017-05-31,24.322015484109226
2017-06-01,24.386274433197805
2017-06-02,24.398756954569283
2017-06-03,24.433921442910528
2017-06-04,24.438835808655046
2017-06-05,24.471178598513305
2017-06-06,24.555764291977685
2017-06-07,24.546940220988418
2017-06-08,24.526798195920243
2017-06-09,24.552143723426067
2017-06-10,24.56438351858021
2017-06-11,24.581383047830954
2017-06-12,24.548104303105934
2017-06-13,24.516516587559696
2017-06-14,24.49526020548558
2017-06-15,24.385163734993945
2017-06-16,24.417732703384054
2017-06-17,24.459031584517554
2017-06-18,24.462065492616006
2017-06-19,24.46017387775564
2017-06-20,24.497097564667595
2017-06-21,24.515637165222138
2017-06-22,24.50457140067959
2017-06-23,24.516892716511776
2017-06-24,24.496394425058693
2017-06-25,24.463022410974315
2017-06-26,24.42544337571435
2017-06-27,24.39995278396117
2017-06-28,24.44660007483243
2017-06-29,24.454709109995303
2017-06-30,24.442258141754717
2017-07-01,24.415958040584375
2017-07-02,24.409372307392456
2017-07-03,24.444567263137774
2017-07-04,24.472136152375366
2017-07-05,24.463744268104694
2017-07-06,24.472768043298565
2017-07-07,24.45449664774188
2017-07-08,24.443392524405354
2017-07-09,24.454090690900482
2017-07-10,24.42012927167084
2017-07-11,24.372761291166512
2017-07-12,24.372706627707647
2017-07-13,24.383099457822453
2017-07-14,24.345037908261187
2017-07-15,24.254573951148824
2017-07-16,24.185869804634812
2017-07-17,24.242531499060266
2017-07-18,24.342134368088367
2017-07-19,24.35985256264179
2017-07-20,24.427855319621695
2017-07-21,24.517260406472495
2017-07-22,24.541000362898654
2017-07-23,24.53871209813002
2017-07-24,24.533489041374725
2017-07-25,24.488845789207172
2017-07-26,24.441604218581567
2017-07-27,24.46823678744206
2017-07-28,24.533017496470297
2017-07-29,24.52669483463349
2017-07-30,24.51505247123772
2017-07-31,24.543836255936217
2017-08-01,24.54908571312289
2017-08-02,24.524533851753837
2017-08-03,24.535602150272197
2017-08-04,24.56557728395115
2017-08-05,24.673319406196388
2017-08-06,24.700091649466767
2017-08-07,24.72127503862928
2017-08-08,24.75586700684292
2017-08-09,24.735373046152215
2017-08-10,24.749235633382725
2017-08-11,24.782602609923824
2017-08-12,24.855691530857598
2017-08-13,24.922433663317587
2017-08-14,24.957620887016006
2017-08-15,24.95864755974489
2017-08-16,24.956032985644544
2017-08-17,24.99746018712949
2017-08-18,24.971100773256197
2017-08-19,24.93527980765846
2017-08-20,24.938161249482107
2017-08-21,24.923972372180483
2017-08-22,24.898466583157376
2017-08-23,24.95168439637529
2017-08-24,24.96280251277458
2017-08-25,25.00125993726318
2017-08-26,24.99133596286739
2017-08-27,24.997476299234563
2017-08-28,24.989907593298597
2017-08-29,25.025708442372096
2017-08-30,25.050760692721635
2017-08-31,25.070642260773568
2017-09-01,25.0983669971615
2017-09-02,25.07438313679966
2017-09-03,25.05451296410324
2017-09-04,25.010424862064806
2017-09-05,24.984860049585656
2017-09-06,25.04677741414655
2017-09-07,25.057673902467812
2017-09-08,25.03511772771148
2017-09-09,24.994030631726005
2017-09-10,24.969943158250146
2017-09-11,24.973538616311266
2017-09-12,24.981381482769862
2017-09-13,24.904752915997825
2017-09-14,24.824006066301017
2017-09-15,24.762282802072104
2017-09-16,24.847280657868456
2017-09-17,24.830117805901537
2017-09-18,24.906933381620306
2017-09-19,24.911066460308184
2017-09-20,24.90628650510129
2017-09-21,24.868372049490898
2017-09-22,24.82406846539556
2017-09-23,24.848636194945755
2017-09-24,24.84261410276343
2017-09-25,24.874454593813446
2017-09-26,24.89928698814612
2017-09-27,24.928681069860968
2017-09-28,24.966411499002923
2017-09-29,24.955974756695618
2017-09-30,24.987894414642295
2017-10-01,24.995641812359214
2017-10-02,25.01810190216756
2017-10-03,24.996454940909402
2017-10-04,24.982049801046454
2017-10-05,24.983173623730035
2017-10-06,25.007416793878587
2017-10-07,25.005789680432194
2017-10-08,25.038408273732816
2017-10-09,25.070635632308253
2017-10-10,25.106638772263246
2017-10-11,25.101277117891655
2017-10-12,25.16595737287256
2017-10-13,25.2613320883253
2017-10-14,25.26952194521237
2017-10-15,25.261744811925816
2017-10-16,25.270366542790246
2017-10-17,25.262253636254034
2017-10-18,25.21964630582497
2017-10-19,25.266563607616206
2017-10-20,25.28971524414681
2017-10-21,25.338531985400696
2017-10-22,25.312342024098143
2017-10-23,25.30539041192361
2017-10-24,25.27318156164251
2017-10-25,25.245144379328885
2017-10-26,25.293883966250448
2017-10-27,25.297568420872203
2017-10-28,25.286151665328205
2017-10-29,25.302807648247313
2017-10-30,25.347513765653563
2017-10-31,25.364813094229515
2017-11-01,25.406258512445188
2017-11-02,25.473668907350813
2017-11-03,25.51439796683799
2017-11-04,25.518507069607516
2017-11-05,25.546875763359854
2017-11-06,25.517394386846014
2017-11-07,25.497864859041318
2017-11-08,25.535269315181058
2017-11-09,25.517097217764775
2017-11-10,25.47510761327642
2017-11-11,25.415733704904117
2017-11-12,25.347109608907253
2017-11-13,25.384077961763907
2017-11-14,25.42376194577854
2017-11-15,25.49313800457703
2017-11-16,25.546619485264568
2017-11-17,25.59621238699593
2017-11-18,25.578968413655957
2017-11-19,25.595341118444768
2017-11-20,25.630614585761435
2017-11-21,25.638790237243565
2017-11-22,25.64237240371433
2017-11-23,25.63981997632018
2017-11-24,25.637975936158668
2017-11-25,25.67367679233934
2017-11-26,25.73979060646512
2017-11-27,25.800580870223328
2017-11-28,25.82737142061989
2017-11-29,25.88779012068918
2017-11-30,25.840672222610355
2017-12-01,25.864508296823722
2017-12-02,25.93446563959628
2017-12-03,25.9654201264924
2017-12-04,25.973797671361716
2017-12-05,26.000053673433744
2017-12-06,26.077407966297063
2017-12-07,26.266094341747827
2017-12-08,26.332243869987167
2017-12-09,26.269778927034594
2017-12-10,26.217861814369357
2017-12-11,26.346922295043154
2017-12-12,26.36812268757441
2017-12-13,26.35829549300066
2017-12-14,26.344918509514734
2017-12-15,26.40505744840525
2017-12-16,26.449260443881975
2017-12-17,26.50597525393067
2017-12-18,26.477500031867315
2017-12-19,26.448866282836097
2017-12-20,26.368274825558938
2017-12-21,26.33295814116179
2017-12-22,26.1824203288947
2017-12-23,26.255127651745642
2017-12-24,26.158727622843216
2017-12-25,26.16806287563362
2017-12-26,26.26450636209086
2017-12-27,26.296193127048973
2017-12-28,26.20504555021923
2017-12-29,26.22287798311102
2017-12-30,26.1281900984453
2017-12-31,26.137616480237394
2018-01-01,26.146720621921993
2018-01-02,26.17608170655562
2018-01-03,26.252412664007053
2018-01-04,26.24293277500073
2018-01-05,26.307975541153255
2018-01-06,26.36337400647301
2018-01-07,26.360447265993244
2018-01-08,26.282464512576944
2018-01-09,26.254060296757938
2018-01-10,26.205662680657248
2018-01-11,26.17281005312015
2018-01-12,26.171983584403648
2018-01-13,26.20845802849488
2018-01-14,26.170121941024956
2018-01-15,26.178219818098086
2018-01-16,26.050099220510827
2018-01-17,25.918918340686485
2018-01-18,25.992049461896933
2018-01-19,25.992067965824855
2018-01-20,26.07388576036998
2018-01-21,26.02835162045429
2018-01-22,25.96233862247133
2018-01-23,25.924623424993026
2018-01-24,25.951631261301536
2018-01-25,25.977559959093405
2018-01-26,25.95106088409989
2018-01-27,25.96982547052989
2018-01-28,26.006086165221216
2018-01-29,25.976939429153717
2018-01-30,25.92371900104568
2018-01-31,25.86391121052233
2018-02-01,25.823906203263913
2018-02-02,25.71505257802924
2018-02-03,25.753659894834374
2018-02-04,25.72420726137145
2018-02-05,25.588372099006474
2018-02-06,25.471351739921626
2018-02-07,25.617926514203326
2018-02-08,25.657937629954784
2018-02-09,25.663323133120635
2018-02-10,25.70941605752424
2018-02-11,25.655489971421574
2018-02-12,25.70634172964439
2018-02-13,25.705824923688375
2018-02-14,25.75091640133803
2018-02-15,25.83402571164111
2018-02-16,25.856220904385193
2018-02-17,25.919397003749637
2018-02-18,25.925025554823783
2018-02-19,25.937158046607287
2018-02-20,25.995071144768843
2018-02-21,25.932690623112588
2018-02-22,25.88312628826656
2018-02-23,25.85586725333846
2018-02-24,25.848850811469756
2018-02-25,25.815747955665785
2018-02-26,25.84551679795323
2018-02-27,25.907612784437983
2018-02-28,25.910708481786326
2018-03-01,25.916417525721155
2018-03-02,25.94755307809828
2018-03-03,25.98010961993407
2018-03-04,25.971990377427627
2018-03-05,25.995410155927793
2018-03-06,25.95247899341673
2018-03-07,25.894570856442634
2018-03-08,25.824790606400736
2018-03-09,25.739399202052137
2018-03-10,25.775296251144674
2018-03-11,25.754944505143758
2018-03-12,25.797383698488574
2018-03-13,25.766676173679013
2018-03-14,25.724358160652823
2018-03-15,25.645773585899967
2018-03-16,25.670593285870012
2018-03-17,25.642942528310144
2018-03-18,25.592041588845408
2018-03-19,25.674905320894084
2018-03-20,25.70805828794558
2018-03-21,25.749035430850356
2018-03-22,25.72750338854956
2018-03-23,25.69766027726318
2018-03-24,25.73583159714669
2018-03-25,25.69905675464741
2018-03-26,25.660717089509976
2018-03-27,25.629522052203317
2018-03-28,25.624271980914198
2018-03-29,25.573719843545238
2018-03-30,25.485217492315428
2018-03-31,25.502116944216386
2018-04-01,25.473511626460752
2018-04-02,25.4993371027224
2018-04-03,25.54710314899854
2018-04-04,25.514174186159234
2018-04-05,25.467218497953297
2018-04-06,25.4515001176273
2018-04-07,25.48728226177799
2018-04-08,25.502306739580213
2018-04-09,25.487801564463457
2018-04-10,25.471516760134374
2018-04-11,25.487197524239562
2018-04-12,25.54943677300907
2018-04-13,25.634662264295482
2018-04-14,25.636888630314587
2018-04-15,25.66350956858625
2018-04-16,25.646915545909515
2018-04-17,25.643346612782057
2018-04-18,25.64472111000347
2018-04-19,25.664155307637124
2018-04-20,25.690829340732886
2018-04-21,25.732089604331833
2018-04-22,25.742777927335705
2018-04-23,25.744191203451063
2018-04-24,25.78810394820151
2018-04-25,25.778177409104533
2018-04-26,25.741073284411282
2018-04-27,25.778031797054766
2018-04-28,25.78041563159235
2018-04-29,25.792906156851064
2018-04-30,25.78649383679748
2018-05-01,25.75388950580567
2018-05-02,25.767678682062808
2018-05-03,25.795719699121907
2018-05-04,25.825543744886975
2018-05-05,25.843508615834594
2018-05-06,25.824505885969675
2018-05-07,25.794083229052433
2018-05-08,25.785035009557184
2018-05-09,25.77735668894782
2018-05-10,25.78585475175213
2018-05-11,25.723450664494358
2018-05-12,25.690144787563128
2018-05-13,25.705327905851064
2018-05-14,25.70882271291174
2018-05-15,25.71551520293293
2018-05-16,25.67302734176118
2018-05-17,25.673835913445096
2018-05-18,25.65170444788141
2018-05-19,25.67029423335229
2018-05-20,25.68389560893088
2018-05-21,25.695630518075895
2018-05-22,25.670072509610662
2018-05-23,25.6147483466787
2018-05-24,25.580354438907005
2018-05-25,25.574613659743548
2018-05-26,25.576158991523467
2018-05-27,25.553252728553073
2018-05-28,25.543432995047482
2018-05-29,25.548655718922657
2018-05-30,25.5681921415254
2018-05-31,25.57665876430741
2018-06-01,25.574723882985285
2018-06-02,25.58985945367209
2018-06-03,25.60182981234934
2018-06-04,25.587417292352423
2018-06-05,25.576807873873648
2018-06-06,25.590955114377216
2018-06-07,25.60264958917086
2018-06-08,25.595221308953104
2018-06-09,25.595680350064292
2018-06-10,25.527823684952057
2018-06-11,25.472913945928017
2018-06-12,25.474165994395744
2018-06-13,25.426478948530864
2018-06-14,25.43518663210549
2018-06-15,25.443246773609506
2018-06-16,25.43031995728982
2018-06-17,25.4384340494468
2018-06-18,25.440029197175523
2018-06-19,25.469272101062725
2018-06-20,25.463635837708424
2018-06-21,25.472128690997216
2018-06-22,25.41553048720979
2018-06-23,25.377999993429057
2018-06-24,25.361254752397755
2018-06-25,25.390980781256605
2018-06-26,25.39234394879491
2018-06-27,25.375484907594423
2018-06-28,25.374296166544912
2018-06-29,25.34371993697103
2018-06-30,25.416415070300097
2018-07-01,25.417459121936307
2018-07-02,25.43173410670807
2018-07-03,25.45240596105856
2018-07-04,25.449132182442327
2018-07-05,25.4508167092409
2018-07-06,25.445898790039276
2018-07-07,25.45235224971744
2018-07-08,25.474552974395657
2018-07-09,25.47181790247622
2018-07-10,25.43819003389584
2018-07-11,25.420292335454818
2018-07-12,25.397120351088187
2018-07-13,25.397881741385454
2018-07-14,25.397472368760432
2018-07-15,25.411636832357107
2018-07-16,25.442001997505823
2018-07-17,25.494573569257003
2018-07-18,25.5679693074259
2018-07-19,25.56624738056559
2018-07-20,25.570547370919776
2018-07-21,25.56025321111641
2018-07-22,25.5741586114436
2018-07-23,25.60412066472642
2018-07-24,25.65344513665016
2018-07-25,25.676349817658387
2018-07-26,25.66979953663249
2018-07-27,25.64795576748422
2018-07-28,25.667677869564066
2018-07-29,25.670902400892036
2018-07-30,25.663246423620976
2018-07-31,25.63684042448002
2018-08-01,25.591890659192092
2018-08-02,25.594385877415004
2018-08-03,25.56849769138183
2018-08-04,25.549195515782372
2018-08-05,25.51403384115136
2018-08-06,25.51380313635914
2018-08-07,25.512962811699424
2018-08-08,25.431834733091694
2018-08-09,25.423346465772834
2018-08-10,25.42658080559891
2018-08-11,25.392111785809423
2018-08-12,25.411522189161452
2018-08-13,25.41789614387275
2018-08-14,25.37094929947388
2018-08-15,25.421453273493693
2018-08-16,25.41754270044553
2018-08-17,25.436802242075498
2018-08-18,25.434587936983995
2018-08-19,25.42735944843371
2018-08-20,25.435175882290274
2018-08-21,25.427428394714163
2018-08-22,25.45530774655644
2018-08-23,25.43288090168477
2018-08-24,25.451625723454807
2018-08-25,25.47662385294705
2018-08-26,25.470758609373586
2018-08-27,25.477104237625543
2018-08-28,25.515719511060812
2018-08-29,25.525757238593275
2018-08-30,25.50878925433806
2018-08-31,25.51564164877198
2018-09-01,25.53264966665133
2018-09-02,25.55164301969201
2018-09-03,25.554539897062128
2018-09-04,25.56321896063225
2018-09-05,25.53751781807096
2018-09-06,25.434063880360334
2018-09-07,25.43740138998602
2018-09-08,25.42461111829151
2018-09-09,25.41322384078779
2018-09-10,25.413280452917757
2018-09-11,25.41418711284339
2018-09-12,25.410314382146833
2018-09-13,25.43603071716567
2018-09-14,25.444865567141115
2018-09-15,25.44752365134624
2018-09-16,25.4426530734033
2018-09-17,25.429919941497996
2018-09-18,25.41413407242032
2018-09-19,25.421229542240066
2018-09-20,25.43246046618596
2018-09-21,25.469866505626083
2018-09-22,25.47698094609502
2018-09-23,25.476874749989587
2018-09-24,25.466964809407102
2018-09-25,25.43318548926871
2018-09-26,25.440414773534155
2018-09-27,25.449477028483177
2018-09-28,25.473118573704674
2018-09-29,25.455783359960762
2018-09-30,25.462300281511755
2018-10-01,25.46245536986496
2018-10-02,25.457839155594012
2018-10-03,25.443419374632846
2018-10-04,25.458604122357652
2018-10-05,25.45892090381485
2018-10-06,25.461123639841645
2018-10-07,25.458475728783352
2018-10-08,25.46619080349873
2018-10-09,25.46757805302983
2018-10-10,25.458876312624085
2018-10-11,25.412929474208926
2018-10-12,25.41204000974056
2018-10-13,25.413756271084832
2018-10-14,25.421265486231697
2018-10-15,25.46443336839408
2018-10-16,25.468711272510195
2018-10-17,25.46392293191872
2018-10-18,25.461822536602075
2018-10-19,25.449564917012022
2018-10-20,25.451626247263828
2018-10-21,25.45906224118988
2018-10-22,25.453445122462664
2018-10-23,25.449588413968108
2018-10-24,25.45261731676767
2018-10-25,25.44837277395561
2018-10-26,25.44706774534105
2018-10-27,25.446944354104936
2018-10-28,25.44582291187736
2018-10-29,25.433937383442228
2018-10-30,25.42222651691923
2018-10-31,25.422188755146717
2018-11-01,25.427245875488612
2018-11-02,25.434965272183078
2018-11-03,25.43113411336864
2018-11-04,25.435793861302674
2018-11-05,25.44160901566669
2018-11-06,25.44226887859056
2018-11-07,25.456656924405753
2018-11-08,25.449999061564974
2018-11-09,25.438635157176094
2018-11-10,25.43795393708371
2018-11-11,25.436072479147644
2018-11-12,25.438436203499826
2018-11-13,25.435305045570338
2018-11-14,25.395961694614023
2018-11-15,25.3020463923022
2018-11-16,25.30330778316564
2018-11-17,25.29614492925079
2018-11-18,25.307371729159986
2018-11-19,25.24371083382833
2018-11-20,25.111762882129987
2018-11-21,25.089251227434723
2018-11-22,25.09219466237511
2018-11-23,25.043496682618507
2018-11-24,25.040042282894074
2018-11-25,24.92739291492659
2018-11-26,24.9486801327179
2018-11-27,24.908003069849926
2018-11-28,0.0
