Date,Ethereum Market Cap
2010-07-17,0.0
2010-07-18,0.0
2010-07-19,0.0
2010-07-20,0.0
2010-07-21,0.0
2010-07-22,0.0
2010-07-23,0.0
2010-07-24,0.0
2010-07-25,0.0
2010-07-26,0.0
2010-07-27,0.0
2010-07-28,0.0
2010-07-29,0.0
2010-07-30,0.0
2010-07-31,0.0
2010-08-01,0.0
2010-08-02,0.0
2010-08-03,0.0
2010-08-04,0.0
2010-08-05,0.0
2010-08-06,0.0
2010-08-07,0.0
2010-08-08,0.0
2010-08-09,0.0
2010-08-10,0.0
2010-08-11,0.0
2010-08-12,0.0
2010-08-13,0.0
2010-08-14,0.0
2010-08-15,0.0
2010-08-16,0.0
2010-08-17,0.0
2010-08-18,0.0
2010-08-19,0.0
2010-08-20,0.0
2010-08-21,0.0
2010-08-22,0.0
2010-08-23,0.0
2010-08-24,0.0
2010-08-25,0.0
2010-08-26,0.0
2010-08-27,0.0
2010-08-28,0.0
2010-08-29,0.0
2010-08-30,0.0
2010-08-31,0.0
2010-09-01,0.0
2010-09-02,0.0
2010-09-03,0.0
2010-09-04,0.0
2010-09-05,0.0
2010-09-06,0.0
2010-09-07,0.0
2010-09-08,0.0
2010-09-09,0.0
2010-09-10,0.0
2010-09-11,0.0
2010-09-12,0.0
2010-09-13,0.0
2010-09-14,0.0
2010-09-15,0.0
2010-09-16,0.0
2010-09-17,0.0
2010-09-18,0.0
2010-09-19,0.0
2010-09-20,0.0
2010-09-21,0.0
2010-09-22,0.0
2010-09-23,0.0
2010-09-24,0.0
2010-09-25,0.0
2010-09-26,0.0
2010-09-27,0.0
2010-09-28,0.0
2010-09-29,0.0
2010-09-30,0.0
2010-10-01,0.0
2010-10-02,0.0
2010-10-03,0.0
2010-10-04,0.0
2010-10-05,0.0
2010-10-06,0.0
2010-10-07,0.0
2010-10-08,0.0
2010-10-09,0.0
2010-10-10,0.0
2010-10-11,0.0
2010-10-12,0.0
2010-10-13,0.0
2010-10-14,0.0
2010-10-15,0.0
2010-10-16,0.0
2010-10-17,0.0
2010-10-18,0.0
2010-10-19,0.0
2010-10-20,0.0
2010-10-21,0.0
2010-10-22,0.0
2010-10-23,0.0
2010-10-24,0.0
2010-10-25,0.0
2010-10-26,0.0
2010-10-27,0.0
2010-10-28,0.0
2010-10-29,0.0
2010-10-30,0.0
2010-10-31,0.0
2010-11-01,0.0
2010-11-02,0.0
2010-11-03,0.0
2010-11-04,0.0
2010-11-05,0.0
2010-11-06,0.0
2010-11-07,0.0
2010-11-08,0.0
2010-11-09,0.0
2010-11-10,0.0
2010-11-11,0.0
2010-11-12,0.0
2010-11-13,0.0
2010-11-14,0.0
2010-11-15,0.0
2010-11-16,0.0
2010-11-17,0.0
2010-11-18,0.0
2010-11-19,0.0
2010-11-20,0.0
2010-11-21,0.0
2010-11-22,0.0
2010-11-23,0.0
2010-11-24,0.0
2010-11-25,0.0
2010-11-26,0.0
2010-11-27,0.0
2010-11-28,0.0
2010-11-29,0.0
2010-11-30,0.0
2010-12-01,0.0
2010-12-02,0.0
2010-12-03,0.0
2010-12-04,0.0
2010-12-05,0.0
2010-12-06,0.0
2010-12-07,0.0
2010-12-08,0.0
2010-12-09,0.0
2010-12-10,0.0
2010-12-11,0.0
2010-12-12,0.0
2010-12-13,0.0
2010-12-14,0.0
2010-12-15,0.0
2010-12-16,0.0
2010-12-17,0.0
2010-12-18,0.0
2010-12-19,0.0
2010-12-20,0.0
2010-12-21,0.0
2010-12-22,0.0
2010-12-23,0.0
2010-12-24,0.0
2010-12-25,0.0
2010-12-26,0.0
2010-12-27,0.0
2010-12-28,0.0
2010-12-29,0.0
2010-12-30,0.0
2010-12-31,0.0
2011-01-01,0.0
2011-01-02,0.0
2011-01-03,0.0
2011-01-04,0.0
2011-01-05,0.0
2011-01-06,0.0
2011-01-07,0.0
2011-01-08,0.0
2011-01-09,0.0
2011-01-10,0.0
2011-01-11,0.0
2011-01-12,0.0
2011-01-13,0.0
2011-01-14,0.0
2011-01-15,0.0
2011-01-16,0.0
2011-01-17,0.0
2011-01-18,0.0
2011-01-19,0.0
2011-01-20,0.0
2011-01-21,0.0
2011-01-22,0.0
2011-01-23,0.0
2011-01-24,0.0
2011-01-25,0.0
2011-01-26,0.0
2011-01-27,0.0
2011-01-28,0.0
2011-01-29,0.0
2011-01-30,0.0
2011-01-31,0.0
2011-02-01,0.0
2011-02-02,0.0
2011-02-03,0.0
2011-02-04,0.0
2011-02-05,0.0
2011-02-06,0.0
2011-02-07,0.0
2011-02-08,0.0
2011-02-09,0.0
2011-02-10,0.0
2011-02-11,0.0
2011-02-12,0.0
2011-02-13,0.0
2011-02-14,0.0
2011-02-15,0.0
2011-02-16,0.0
2011-02-17,0.0
2011-02-18,0.0
2011-02-19,0.0
2011-02-20,0.0
2011-02-21,0.0
2011-02-22,0.0
2011-02-23,0.0
2011-02-24,0.0
2011-02-25,0.0
2011-02-26,0.0
2011-02-27,0.0
2011-02-28,0.0
2011-03-01,0.0
2011-03-02,0.0
2011-03-03,0.0
2011-03-04,0.0
2011-03-05,0.0
2011-03-06,0.0
2011-03-07,0.0
2011-03-08,0.0
2011-03-09,0.0
2011-03-10,0.0
2011-03-11,0.0
2011-03-12,0.0
2011-03-13,0.0
2011-03-14,0.0
2011-03-15,0.0
2011-03-16,0.0
2011-03-17,0.0
2011-03-18,0.0
2011-03-19,0.0
2011-03-20,0.0
2011-03-21,0.0
2011-03-22,0.0
2011-03-23,0.0
2011-03-24,0.0
2011-03-25,0.0
2011-03-26,0.0
2011-03-27,0.0
2011-03-28,0.0
2011-03-29,0.0
2011-03-30,0.0
2011-03-31,0.0
2011-04-01,0.0
2011-04-02,0.0
2011-04-03,0.0
2011-04-04,0.0
2011-04-05,0.0
2011-04-06,0.0
2011-04-07,0.0
2011-04-08,0.0
2011-04-09,0.0
2011-04-10,0.0
2011-04-11,0.0
2011-04-12,0.0
2011-04-13,0.0
2011-04-14,0.0
2011-04-15,0.0
2011-04-16,0.0
2011-04-17,0.0
2011-04-18,0.0
2011-04-19,0.0
2011-04-20,0.0
2011-04-21,0.0
2011-04-22,0.0
2011-04-23,0.0
2011-04-24,0.0
2011-04-25,0.0
2011-04-26,0.0
2011-04-27,0.0
2011-04-28,0.0
2011-04-29,0.0
2011-04-30,0.0
2011-05-01,0.0
2011-05-02,0.0
2011-05-03,0.0
2011-05-04,0.0
2011-05-05,0.0
2011-05-06,0.0
2011-05-07,0.0
2011-05-08,0.0
2011-05-09,0.0
2011-05-10,0.0
2011-05-11,0.0
2011-05-12,0.0
2011-05-13,0.0
2011-05-14,0.0
2011-05-15,0.0
2011-05-16,0.0
2011-05-17,0.0
2011-05-18,0.0
2011-05-19,0.0
2011-05-20,0.0
2011-05-21,0.0
2011-05-22,0.0
2011-05-23,0.0
2011-05-24,0.0
2011-05-25,0.0
2011-05-26,0.0
2011-05-27,0.0
2011-05-28,0.0
2011-05-29,0.0
2011-05-30,0.0
2011-05-31,0.0
2011-06-01,0.0
2011-06-02,0.0
2011-06-03,0.0
2011-06-04,0.0
2011-06-05,0.0
2011-06-06,0.0
2011-06-07,0.0
2011-06-08,0.0
2011-06-09,0.0
2011-06-10,0.0
2011-06-11,0.0
2011-06-12,0.0
2011-06-13,0.0
2011-06-14,0.0
2011-06-15,0.0
2011-06-16,0.0
2011-06-17,0.0
2011-06-18,0.0
2011-06-19,0.0
2011-06-20,0.0
2011-06-21,0.0
2011-06-22,0.0
2011-06-23,0.0
2011-06-24,0.0
2011-06-25,0.0
2011-06-26,0.0
2011-06-27,0.0
2011-06-28,0.0
2011-06-29,0.0
2011-06-30,0.0
2011-07-01,0.0
2011-07-02,0.0
2011-07-03,0.0
2011-07-04,0.0
2011-07-05,0.0
2011-07-06,0.0
2011-07-07,0.0
2011-07-08,0.0
2011-07-09,0.0
2011-07-10,0.0
2011-07-11,0.0
2011-07-12,0.0
2011-07-13,0.0
2011-07-14,0.0
2011-07-15,0.0
2011-07-16,0.0
2011-07-17,0.0
2011-07-18,0.0
2011-07-19,0.0
2011-07-20,0.0
2011-07-21,0.0
2011-07-22,0.0
2011-07-23,0.0
2011-07-24,0.0
2011-07-25,0.0
2011-07-26,0.0
2011-07-27,0.0
2011-07-28,0.0
2011-07-29,0.0
2011-07-30,0.0
2011-07-31,0.0
2011-08-01,0.0
2011-08-02,0.0
2011-08-03,0.0
2011-08-04,0.0
2011-08-05,0.0
2011-08-06,0.0
2011-08-07,0.0
2011-08-08,0.0
2011-08-09,0.0
2011-08-10,0.0
2011-08-11,0.0
2011-08-12,0.0
2011-08-13,0.0
2011-08-14,0.0
2011-08-15,0.0
2011-08-16,0.0
2011-08-17,0.0
2011-08-18,0.0
2011-08-19,0.0
2011-08-20,0.0
2011-08-21,0.0
2011-08-22,0.0
2011-08-23,0.0
2011-08-24,0.0
2011-08-25,0.0
2011-08-26,0.0
2011-08-27,0.0
2011-08-28,0.0
2011-08-29,0.0
2011-08-30,0.0
2011-08-31,0.0
2011-09-01,0.0
2011-09-02,0.0
2011-09-03,0.0
2011-09-04,0.0
2011-09-05,0.0
2011-09-06,0.0
2011-09-07,0.0
2011-09-08,0.0
2011-09-09,0.0
2011-09-10,0.0
2011-09-11,0.0
2011-09-12,0.0
2011-09-13,0.0
2011-09-14,0.0
2011-09-15,0.0
2011-09-16,0.0
2011-09-17,0.0
2011-09-18,0.0
2011-09-19,0.0
2011-09-20,0.0
2011-09-21,0.0
2011-09-22,0.0
2011-09-23,0.0
2011-09-24,0.0
2011-09-25,0.0
2011-09-26,0.0
2011-09-27,0.0
2011-09-28,0.0
2011-09-29,0.0
2011-09-30,0.0
2011-10-01,0.0
2011-10-02,0.0
2011-10-03,0.0
2011-10-04,0.0
2011-10-05,0.0
2011-10-06,0.0
2011-10-07,0.0
2011-10-08,0.0
2011-10-09,0.0
2011-10-10,0.0
2011-10-11,0.0
2011-10-12,0.0
2011-10-13,0.0
2011-10-14,0.0
2011-10-15,0.0
2011-10-16,0.0
2011-10-17,0.0
2011-10-18,0.0
2011-10-19,0.0
2011-10-20,0.0
2011-10-21,0.0
2011-10-22,0.0
2011-10-23,0.0
2011-10-24,0.0
2011-10-25,0.0
2011-10-26,0.0
2011-10-27,0.0
2011-10-28,0.0
2011-10-29,0.0
2011-10-30,0.0
2011-10-31,0.0
2011-11-01,0.0
2011-11-02,0.0
2011-11-03,0.0
2011-11-04,0.0
2011-11-05,0.0
2011-11-06,0.0
2011-11-07,0.0
2011-11-08,0.0
2011-11-09,0.0
2011-11-10,0.0
2011-11-11,0.0
2011-11-12,0.0
2011-11-13,0.0
2011-11-14,0.0
2011-11-15,0.0
2011-11-16,0.0
2011-11-17,0.0
2011-11-18,0.0
2011-11-19,0.0
2011-11-20,0.0
2011-11-21,0.0
2011-11-22,0.0
2011-11-23,0.0
2011-11-24,0.0
2011-11-25,0.0
2011-11-26,0.0
2011-11-27,0.0
2011-11-28,0.0
2011-11-29,0.0
2011-11-30,0.0
2011-12-01,0.0
2011-12-02,0.0
2011-12-03,0.0
2011-12-04,0.0
2011-12-05,0.0
2011-12-06,0.0
2011-12-07,0.0
2011-12-08,0.0
2011-12-09,0.0
2011-12-10,0.0
2011-12-11,0.0
2011-12-12,0.0
2011-12-13,0.0
2011-12-14,0.0
2011-12-15,0.0
2011-12-16,0.0
2011-12-17,0.0
2011-12-18,0.0
2011-12-19,0.0
2011-12-20,0.0
2011-12-21,0.0
2011-12-22,0.0
2011-12-23,0.0
2011-12-24,0.0
2011-12-25,0.0
2011-12-26,0.0
2011-12-27,0.0
2011-12-28,0.0
2011-12-29,0.0
2011-12-30,0.0
2011-12-31,0.0
2012-01-01,0.0
2012-01-02,0.0
2012-01-03,0.0
2012-01-04,0.0
2012-01-05,0.0
2012-01-06,0.0
2012-01-07,0.0
2012-01-08,0.0
2012-01-09,0.0
2012-01-10,0.0
2012-01-11,0.0
2012-01-12,0.0
2012-01-13,0.0
2012-01-14,0.0
2012-01-15,0.0
2012-01-16,0.0
2012-01-17,0.0
2012-01-18,0.0
2012-01-19,0.0
2012-01-20,0.0
2012-01-21,0.0
2012-01-22,0.0
2012-01-23,0.0
2012-01-24,0.0
2012-01-25,0.0
2012-01-26,0.0
2012-01-27,0.0
2012-01-28,0.0
2012-01-29,0.0
2012-01-30,0.0
2012-01-31,0.0
2012-02-01,0.0
2012-02-02,0.0
2012-02-03,0.0
2012-02-04,0.0
2012-02-05,0.0
2012-02-06,0.0
2012-02-07,0.0
2012-02-08,0.0
2012-02-09,0.0
2012-02-10,0.0
2012-02-11,0.0
2012-02-12,0.0
2012-02-13,0.0
2012-02-14,0.0
2012-02-15,0.0
2012-02-16,0.0
2012-02-17,0.0
2012-02-18,0.0
2012-02-19,0.0
2012-02-20,0.0
2012-02-21,0.0
2012-02-22,0.0
2012-02-23,0.0
2012-02-24,0.0
2012-02-25,0.0
2012-02-26,0.0
2012-02-27,0.0
2012-02-28,0.0
2012-02-29,0.0
2012-03-01,0.0
2012-03-02,0.0
2012-03-03,0.0
2012-03-04,0.0
2012-03-05,0.0
2012-03-06,0.0
2012-03-07,0.0
2012-03-08,0.0
2012-03-09,0.0
2012-03-10,0.0
2012-03-11,0.0
2012-03-12,0.0
2012-03-13,0.0
2012-03-14,0.0
2012-03-15,0.0
2012-03-16,0.0
2012-03-17,0.0
2012-03-18,0.0
2012-03-19,0.0
2012-03-20,0.0
2012-03-21,0.0
2012-03-22,0.0
2012-03-23,0.0
2012-03-24,0.0
2012-03-25,0.0
2012-03-26,0.0
2012-03-27,0.0
2012-03-28,0.0
2012-03-29,0.0
2012-03-30,0.0
2012-03-31,0.0
2012-04-01,0.0
2012-04-02,0.0
2012-04-03,0.0
2012-04-04,0.0
2012-04-05,0.0
2012-04-06,0.0
2012-04-07,0.0
2012-04-08,0.0
2012-04-09,0.0
2012-04-10,0.0
2012-04-11,0.0
2012-04-12,0.0
2012-04-13,0.0
2012-04-14,0.0
2012-04-15,0.0
2012-04-16,0.0
2012-04-17,0.0
2012-04-18,0.0
2012-04-19,0.0
2012-04-20,0.0
2012-04-21,0.0
2012-04-22,0.0
2012-04-23,0.0
2012-04-24,0.0
2012-04-25,0.0
2012-04-26,0.0
2012-04-27,0.0
2012-04-28,0.0
2012-04-29,0.0
2012-04-30,0.0
2012-05-01,0.0
2012-05-02,0.0
2012-05-03,0.0
2012-05-04,0.0
2012-05-05,0.0
2012-05-06,0.0
2012-05-07,0.0
2012-05-08,0.0
2012-05-09,0.0
2012-05-10,0.0
2012-05-11,0.0
2012-05-12,0.0
2012-05-13,0.0
2012-05-14,0.0
2012-05-15,0.0
2012-05-16,0.0
2012-05-17,0.0
2012-05-18,0.0
2012-05-19,0.0
2012-05-20,0.0
2012-05-21,0.0
2012-05-22,0.0
2012-05-23,0.0
2012-05-24,0.0
2012-05-25,0.0
2012-05-26,0.0
2012-05-27,0.0
2012-05-28,0.0
2012-05-29,0.0
2012-05-30,0.0
2012-05-31,0.0
2012-06-01,0.0
2012-06-02,0.0
2012-06-03,0.0
2012-06-04,0.0
2012-06-05,0.0
2012-06-06,0.0
2012-06-07,0.0
2012-06-08,0.0
2012-06-09,0.0
2012-06-10,0.0
2012-06-11,0.0
2012-06-12,0.0
2012-06-13,0.0
2012-06-14,0.0
2012-06-15,0.0
2012-06-16,0.0
2012-06-17,0.0
2012-06-18,0.0
2012-06-19,0.0
2012-06-20,0.0
2012-06-21,0.0
2012-06-22,0.0
2012-06-23,0.0
2012-06-24,0.0
2012-06-25,0.0
2012-06-26,0.0
2012-06-27,0.0
2012-06-28,0.0
2012-06-29,0.0
2012-06-30,0.0
2012-07-01,0.0
2012-07-02,0.0
2012-07-03,0.0
2012-07-04,0.0
2012-07-05,0.0
2012-07-06,0.0
2012-07-07,0.0
2012-07-08,0.0
2012-07-09,0.0
2012-07-10,0.0
2012-07-11,0.0
2012-07-12,0.0
2012-07-13,0.0
2012-07-14,0.0
2012-07-15,0.0
2012-07-16,0.0
2012-07-17,0.0
2012-07-18,0.0
2012-07-19,0.0
2012-07-20,0.0
2012-07-21,0.0
2012-07-22,0.0
2012-07-23,0.0
2012-07-24,0.0
2012-07-25,0.0
2012-07-26,0.0
2012-07-27,0.0
2012-07-28,0.0
2012-07-29,0.0
2012-07-30,0.0
2012-07-31,0.0
2012-08-01,0.0
2012-08-02,0.0
2012-08-03,0.0
2012-08-04,0.0
2012-08-05,0.0
2012-08-06,0.0
2012-08-07,0.0
2012-08-08,0.0
2012-08-09,0.0
2012-08-10,0.0
2012-08-11,0.0
2012-08-12,0.0
2012-08-13,0.0
2012-08-14,0.0
2012-08-15,0.0
2012-08-16,0.0
2012-08-17,0.0
2012-08-18,0.0
2012-08-19,0.0
2012-08-20,0.0
2012-08-21,0.0
2012-08-22,0.0
2012-08-23,0.0
2012-08-24,0.0
2012-08-25,0.0
2012-08-26,0.0
2012-08-27,0.0
2012-08-28,0.0
2012-08-29,0.0
2012-08-30,0.0
2012-08-31,0.0
2012-09-01,0.0
2012-09-02,0.0
2012-09-03,0.0
2012-09-04,0.0
2012-09-05,0.0
2012-09-06,0.0
2012-09-07,0.0
2012-09-08,0.0
2012-09-09,0.0
2012-09-10,0.0
2012-09-11,0.0
2012-09-12,0.0
2012-09-13,0.0
2012-09-14,0.0
2012-09-15,0.0
2012-09-16,0.0
2012-09-17,0.0
2012-09-18,0.0
2012-09-19,0.0
2012-09-20,0.0
2012-09-21,0.0
2012-09-22,0.0
2012-09-23,0.0
2012-09-24,0.0
2012-09-25,0.0
2012-09-26,0.0
2012-09-27,0.0
2012-09-28,0.0
2012-09-29,0.0
2012-09-30,0.0
2012-10-01,0.0
2012-10-02,0.0
2012-10-03,0.0
2012-10-04,0.0
2012-10-05,0.0
2012-10-06,0.0
2012-10-07,0.0
2012-10-08,0.0
2012-10-09,0.0
2012-10-10,0.0
2012-10-11,0.0
2012-10-12,0.0
2012-10-13,0.0
2012-10-14,0.0
2012-10-15,0.0
2012-10-16,0.0
2012-10-17,0.0
2012-10-18,0.0
2012-10-19,0.0
2012-10-20,0.0
2012-10-21,0.0
2012-10-22,0.0
2012-10-23,0.0
2012-10-24,0.0
2012-10-25,0.0
2012-10-26,0.0
2012-10-27,0.0
2012-10-28,0.0
2012-10-29,0.0
2012-10-30,0.0
2012-10-31,0.0
2012-11-01,0.0
2012-11-02,0.0
2012-11-03,0.0
2012-11-04,0.0
2012-11-05,0.0
2012-11-06,0.0
2012-11-07,0.0
2012-11-08,0.0
2012-11-09,0.0
2012-11-10,0.0
2012-11-11,0.0
2012-11-12,0.0
2012-11-13,0.0
2012-11-14,0.0
2012-11-15,0.0
2012-11-16,0.0
2012-11-17,0.0
2012-11-18,0.0
2012-11-19,0.0
2012-11-20,0.0
2012-11-21,0.0
2012-11-22,0.0
2012-11-23,0.0
2012-11-24,0.0
2012-11-25,0.0
2012-11-26,0.0
2012-11-27,0.0
2012-11-28,0.0
2012-11-29,0.0
2012-11-30,0.0
2012-12-01,0.0
2012-12-02,0.0
2012-12-03,0.0
2012-12-04,0.0
2012-12-05,0.0
2012-12-06,0.0
2012-12-07,0.0
2012-12-08,0.0
2012-12-09,0.0
2012-12-10,0.0
2012-12-11,0.0
2012-12-12,0.0
2012-12-13,0.0
2012-12-14,0.0
2012-12-15,0.0
2012-12-16,0.0
2012-12-17,0.0
2012-12-18,0.0
2012-12-19,0.0
2012-12-20,0.0
2012-12-21,0.0
2012-12-22,0.0
2012-12-23,0.0
2012-12-24,0.0
2012-12-25,0.0
2012-12-26,0.0
2012-12-27,0.0
2012-12-28,0.0
2012-12-29,0.0
2012-12-30,0.0
2012-12-31,0.0
2013-01-01,0.0
2013-01-02,0.0
2013-01-03,0.0
2013-01-04,0.0
2013-01-05,0.0
2013-01-06,0.0
2013-01-07,0.0
2013-01-08,0.0
2013-01-09,0.0
2013-01-10,0.0
2013-01-11,0.0
2013-01-12,0.0
2013-01-13,0.0
2013-01-14,0.0
2013-01-15,0.0
2013-01-16,0.0
2013-01-17,0.0
2013-01-18,0.0
2013-01-19,0.0
2013-01-20,0.0
2013-01-21,0.0
2013-01-22,0.0
2013-01-23,0.0
2013-01-24,0.0
2013-01-25,0.0
2013-01-26,0.0
2013-01-27,0.0
2013-01-28,0.0
2013-01-29,0.0
2013-01-30,0.0
2013-01-31,0.0
2013-02-01,0.0
2013-02-02,0.0
2013-02-03,0.0
2013-02-04,0.0
2013-02-05,0.0
2013-02-06,0.0
2013-02-07,0.0
2013-02-08,0.0
2013-02-09,0.0
2013-02-10,0.0
2013-02-11,0.0
2013-02-12,0.0
2013-02-13,0.0
2013-02-14,0.0
2013-02-15,0.0
2013-02-16,0.0
2013-02-17,0.0
2013-02-18,0.0
2013-02-19,0.0
2013-02-20,0.0
2013-02-21,0.0
2013-02-22,0.0
2013-02-23,0.0
2013-02-24,0.0
2013-02-25,0.0
2013-02-26,0.0
2013-02-27,0.0
2013-02-28,0.0
2013-03-01,0.0
2013-03-02,0.0
2013-03-03,0.0
2013-03-04,0.0
2013-03-05,0.0
2013-03-06,0.0
2013-03-07,0.0
2013-03-08,0.0
2013-03-09,0.0
2013-03-10,0.0
2013-03-11,0.0
2013-03-12,0.0
2013-03-13,0.0
2013-03-14,0.0
2013-03-15,0.0
2013-03-16,0.0
2013-03-17,0.0
2013-03-18,0.0
2013-03-19,0.0
2013-03-20,0.0
2013-03-21,0.0
2013-03-22,0.0
2013-03-23,0.0
2013-03-24,0.0
2013-03-25,0.0
2013-03-26,0.0
2013-03-27,0.0
2013-03-28,0.0
2013-03-29,0.0
2013-03-30,0.0
2013-03-31,0.0
2013-04-01,0.0
2013-04-02,0.0
2013-04-03,0.0
2013-04-04,0.0
2013-04-05,0.0
2013-04-06,0.0
2013-04-07,0.0
2013-04-08,0.0
2013-04-09,0.0
2013-04-10,0.0
2013-04-11,0.0
2013-04-12,0.0
2013-04-13,0.0
2013-04-14,0.0
2013-04-15,0.0
2013-04-16,0.0
2013-04-17,0.0
2013-04-18,0.0
2013-04-19,0.0
2013-04-20,0.0
2013-04-21,0.0
2013-04-22,0.0
2013-04-23,0.0
2013-04-24,0.0
2013-04-25,0.0
2013-04-26,0.0
2013-04-27,0.0
2013-04-28,0.0
2013-04-29,0.0
2013-04-30,0.0
2013-05-01,0.0
2013-05-02,0.0
2013-05-03,0.0
2013-05-04,0.0
2013-05-05,0.0
2013-05-06,0.0
2013-05-07,0.0
2013-05-08,0.0
2013-05-09,0.0
2013-05-10,0.0
2013-05-11,0.0
2013-05-12,0.0
2013-05-13,0.0
2013-05-14,0.0
2013-05-15,0.0
2013-05-16,0.0
2013-05-17,0.0
2013-05-18,0.0
2013-05-19,0.0
2013-05-20,0.0
2013-05-21,0.0
2013-05-22,0.0
2013-05-23,0.0
2013-05-24,0.0
2013-05-25,0.0
2013-05-26,0.0
2013-05-27,0.0
2013-05-28,0.0
2013-05-29,0.0
2013-05-30,0.0
2013-05-31,0.0
2013-06-01,0.0
2013-06-02,0.0
2013-06-03,0.0
2013-06-04,0.0
2013-06-05,0.0
2013-06-06,0.0
2013-06-07,0.0
2013-06-08,0.0
2013-06-09,0.0
2013-06-10,0.0
2013-06-11,0.0
2013-06-12,0.0
2013-06-13,0.0
2013-06-14,0.0
2013-06-15,0.0
2013-06-16,0.0
2013-06-17,0.0
2013-06-18,0.0
2013-06-19,0.0
2013-06-20,0.0
2013-06-21,0.0
2013-06-22,0.0
2013-06-23,0.0
2013-06-24,0.0
2013-06-25,0.0
2013-06-26,0.0
2013-06-27,0.0
2013-06-28,0.0
2013-06-29,0.0
2013-06-30,0.0
2013-07-01,0.0
2013-07-02,0.0
2013-07-03,0.0
2013-07-04,0.0
2013-07-05,0.0
2013-07-06,0.0
2013-07-07,0.0
2013-07-08,0.0
2013-07-09,0.0
2013-07-10,0.0
2013-07-11,0.0
2013-07-12,0.0
2013-07-13,0.0
2013-07-14,0.0
2013-07-15,0.0
2013-07-16,0.0
2013-07-17,0.0
2013-07-18,0.0
2013-07-19,0.0
2013-07-20,0.0
2013-07-21,0.0
2013-07-22,0.0
2013-07-23,0.0
2013-07-24,0.0
2013-07-25,0.0
2013-07-26,0.0
2013-07-27,0.0
2013-07-28,0.0
2013-07-29,0.0
2013-07-30,0.0
2013-07-31,0.0
2013-08-01,0.0
2013-08-02,0.0
2013-08-03,0.0
2013-08-04,0.0
2013-08-05,0.0
2013-08-06,0.0
2013-08-07,0.0
2013-08-08,0.0
2013-08-09,0.0
2013-08-10,0.0
2013-08-11,0.0
2013-08-12,0.0
2013-08-13,0.0
2013-08-14,0.0
2013-08-15,0.0
2013-08-16,0.0
2013-08-17,0.0
2013-08-18,0.0
2013-08-19,0.0
2013-08-20,0.0
2013-08-21,0.0
2013-08-22,0.0
2013-08-23,0.0
2013-08-24,0.0
2013-08-25,0.0
2013-08-26,0.0
2013-08-27,0.0
2013-08-28,0.0
2013-08-29,0.0
2013-08-30,0.0
2013-08-31,0.0
2013-09-01,0.0
2013-09-02,0.0
2013-09-03,0.0
2013-09-04,0.0
2013-09-05,0.0
2013-09-06,0.0
2013-09-07,0.0
2013-09-08,0.0
2013-09-09,0.0
2013-09-10,0.0
2013-09-11,0.0
2013-09-12,0.0
2013-09-13,0.0
2013-09-14,0.0
2013-09-15,0.0
2013-09-16,0.0
2013-09-17,0.0
2013-09-18,0.0
2013-09-19,0.0
2013-09-20,0.0
2013-09-21,0.0
2013-09-22,0.0
2013-09-23,0.0
2013-09-24,0.0
2013-09-25,0.0
2013-09-26,0.0
2013-09-27,0.0
2013-09-28,0.0
2013-09-29,0.0
2013-09-30,0.0
2013-10-01,0.0
2013-10-02,0.0
2013-10-03,0.0
2013-10-04,0.0
2013-10-05,0.0
2013-10-06,0.0
2013-10-07,0.0
2013-10-08,0.0
2013-10-09,0.0
2013-10-10,0.0
2013-10-11,0.0
2013-10-12,0.0
2013-10-13,0.0
2013-10-14,0.0
2013-10-15,0.0
2013-10-16,0.0
2013-10-17,0.0
2013-10-18,0.0
2013-10-19,0.0
2013-10-20,0.0
2013-10-21,0.0
2013-10-22,0.0
2013-10-23,0.0
2013-10-24,0.0
2013-10-25,0.0
2013-10-26,0.0
2013-10-27,0.0
2013-10-28,0.0
2013-10-29,0.0
2013-10-30,0.0
2013-10-31,0.0
2013-11-01,0.0
2013-11-02,0.0
2013-11-03,0.0
2013-11-04,0.0
2013-11-05,0.0
2013-11-06,0.0
2013-11-07,0.0
2013-11-08,0.0
2013-11-09,0.0
2013-11-10,0.0
2013-11-11,0.0
2013-11-12,0.0
2013-11-13,0.0
2013-11-14,0.0
2013-11-15,0.0
2013-11-16,0.0
2013-11-17,0.0
2013-11-18,0.0
2013-11-19,0.0
2013-11-20,0.0
2013-11-21,0.0
2013-11-22,0.0
2013-11-23,0.0
2013-11-24,0.0
2013-11-25,0.0
2013-11-26,0.0
2013-11-27,0.0
2013-11-28,0.0
2013-11-29,0.0
2013-11-30,0.0
2013-12-01,0.0
2013-12-02,0.0
2013-12-03,0.0
2013-12-04,0.0
2013-12-05,0.0
2013-12-06,0.0
2013-12-07,0.0
2013-12-08,0.0
2013-12-09,0.0
2013-12-10,0.0
2013-12-11,0.0
2013-12-12,0.0
2013-12-13,0.0
2013-12-14,0.0
2013-12-15,0.0
2013-12-16,0.0
2013-12-17,0.0
2013-12-18,0.0
2013-12-19,0.0
2013-12-20,0.0
2013-12-21,0.0
2013-12-22,0.0
2013-12-23,0.0
2013-12-24,0.0
2013-12-25,0.0
2013-12-26,0.0
2013-12-27,0.0
2013-12-28,0.0
2013-12-29,0.0
2013-12-30,0.0
2013-12-31,0.0
2014-01-01,0.0
2014-01-02,0.0
2014-01-03,0.0
2014-01-04,0.0
2014-01-05,0.0
2014-01-06,0.0
2014-01-07,0.0
2014-01-08,0.0
2014-01-09,0.0
2014-01-10,0.0
2014-01-11,0.0
2014-01-12,0.0
2014-01-13,0.0
2014-01-14,0.0
2014-01-15,0.0
2014-01-16,0.0
2014-01-17,0.0
2014-01-18,0.0
2014-01-19,0.0
2014-01-20,0.0
2014-01-21,0.0
2014-01-22,0.0
2014-01-23,0.0
2014-01-24,0.0
2014-01-25,0.0
2014-01-26,0.0
2014-01-27,0.0
2014-01-28,0.0
2014-01-29,0.0
2014-01-30,0.0
2014-01-31,0.0
2014-02-01,0.0
2014-02-02,0.0
2014-02-03,0.0
2014-02-04,0.0
2014-02-05,0.0
2014-02-06,0.0
2014-02-07,0.0
2014-02-08,0.0
2014-02-09,0.0
2014-02-10,0.0
2014-02-11,0.0
2014-02-12,0.0
2014-02-13,0.0
2014-02-14,0.0
2014-02-15,0.0
2014-02-16,0.0
2014-02-17,0.0
2014-02-18,0.0
2014-02-19,0.0
2014-02-20,0.0
2014-02-21,0.0
2014-02-22,0.0
2014-02-23,0.0
2014-02-24,0.0
2014-02-25,0.0
2014-02-26,0.0
2014-02-27,0.0
2014-02-28,0.0
2014-03-01,0.0
2014-03-02,0.0
2014-03-03,0.0
2014-03-04,0.0
2014-03-05,0.0
2014-03-06,0.0
2014-03-07,0.0
2014-03-08,0.0
2014-03-09,0.0
2014-03-10,0.0
2014-03-11,0.0
2014-03-12,0.0
2014-03-13,0.0
2014-03-14,0.0
2014-03-15,0.0
2014-03-16,0.0
2014-03-17,0.0
2014-03-18,0.0
2014-03-19,0.0
2014-03-20,0.0
2014-03-21,0.0
2014-03-22,0.0
2014-03-23,0.0
2014-03-24,0.0
2014-03-25,0.0
2014-03-26,0.0
2014-03-27,0.0
2014-03-28,0.0
2014-03-29,0.0
2014-03-30,0.0
2014-03-31,0.0
2014-04-01,0.0
2014-04-02,0.0
2014-04-03,0.0
2014-04-04,0.0
2014-04-05,0.0
2014-04-06,0.0
2014-04-07,0.0
2014-04-08,0.0
2014-04-09,0.0
2014-04-10,0.0
2014-04-11,0.0
2014-04-12,0.0
2014-04-13,0.0
2014-04-14,0.0
2014-04-15,0.0
2014-04-16,0.0
2014-04-17,0.0
2014-04-18,0.0
2014-04-19,0.0
2014-04-20,0.0
2014-04-21,0.0
2014-04-22,0.0
2014-04-23,0.0
2014-04-24,0.0
2014-04-25,0.0
2014-04-26,0.0
2014-04-27,0.0
2014-04-28,0.0
2014-04-29,0.0
2014-04-30,0.0
2014-05-01,0.0
2014-05-02,0.0
2014-05-03,0.0
2014-05-04,0.0
2014-05-05,0.0
2014-05-06,0.0
2014-05-07,0.0
2014-05-08,0.0
2014-05-09,0.0
2014-05-10,0.0
2014-05-11,0.0
2014-05-12,0.0
2014-05-13,0.0
2014-05-14,0.0
2014-05-15,0.0
2014-05-16,0.0
2014-05-17,0.0
2014-05-18,0.0
2014-05-19,0.0
2014-05-20,0.0
2014-05-21,0.0
2014-05-22,0.0
2014-05-23,0.0
2014-05-24,0.0
2014-05-25,0.0
2014-05-26,0.0
2014-05-27,0.0
2014-05-28,0.0
2014-05-29,0.0
2014-05-30,0.0
2014-05-31,0.0
2014-06-01,0.0
2014-06-02,0.0
2014-06-03,0.0
2014-06-04,0.0
2014-06-05,0.0
2014-06-06,0.0
2014-06-07,0.0
2014-06-08,0.0
2014-06-09,0.0
2014-06-10,0.0
2014-06-11,0.0
2014-06-12,0.0
2014-06-13,0.0
2014-06-14,0.0
2014-06-15,0.0
2014-06-16,0.0
2014-06-17,0.0
2014-06-18,0.0
2014-06-19,0.0
2014-06-20,0.0
2014-06-21,0.0
2014-06-22,0.0
2014-06-23,0.0
2014-06-24,0.0
2014-06-25,0.0
2014-06-26,0.0
2014-06-27,0.0
2014-06-28,0.0
2014-06-29,0.0
2014-06-30,0.0
2014-07-01,0.0
2014-07-02,0.0
2014-07-03,0.0
2014-07-04,0.0
2014-07-05,0.0
2014-07-06,0.0
2014-07-07,0.0
2014-07-08,0.0
2014-07-09,0.0
2014-07-10,0.0
2014-07-11,0.0
2014-07-12,0.0
2014-07-13,0.0
2014-07-14,0.0
2014-07-15,0.0
2014-07-16,0.0
2014-07-17,0.0
2014-07-18,0.0
2014-07-19,0.0
2014-07-20,0.0
2014-07-21,0.0
2014-07-22,0.0
2014-07-23,0.0
2014-07-24,0.0
2014-07-25,0.0
2014-07-26,0.0
2014-07-27,0.0
2014-07-28,0.0
2014-07-29,0.0
2014-07-30,0.0
2014-07-31,0.0
2014-08-01,0.0
2014-08-02,0.0
2014-08-03,0.0
2014-08-04,0.0
2014-08-05,0.0
2014-08-06,0.0
2014-08-07,0.0
2014-08-08,0.0
2014-08-09,0.0
2014-08-10,0.0
2014-08-11,0.0
2014-08-12,0.0
2014-08-13,0.0
2014-08-14,0.0
2014-08-15,0.0
2014-08-16,0.0
2014-08-17,0.0
2014-08-18,0.0
2014-08-19,0.0
2014-08-20,0.0
2014-08-21,0.0
2014-08-22,0.0
2014-08-23,0.0
2014-08-24,0.0
2014-08-25,0.0
2014-08-26,0.0
2014-08-27,0.0
2014-08-28,0.0
2014-08-29,0.0
2014-08-30,0.0
2014-08-31,0.0
2014-09-01,0.0
2014-09-02,0.0
2014-09-03,0.0
2014-09-04,0.0
2014-09-05,0.0
2014-09-06,0.0
2014-09-07,0.0
2014-09-08,0.0
2014-09-09,0.0
2014-09-10,0.0
2014-09-11,0.0
2014-09-12,0.0
2014-09-13,0.0
2014-09-14,0.0
2014-09-15,0.0
2014-09-16,0.0
2014-09-17,0.0
2014-09-18,0.0
2014-09-19,0.0
2014-09-20,0.0
2014-09-21,0.0
2014-09-22,0.0
2014-09-23,0.0
2014-09-24,0.0
2014-09-25,0.0
2014-09-26,0.0
2014-09-27,0.0
2014-09-28,0.0
2014-09-29,0.0
2014-09-30,0.0
2014-10-01,0.0
2014-10-02,0.0
2014-10-03,0.0
2014-10-04,0.0
2014-10-05,0.0
2014-10-06,0.0
2014-10-07,0.0
2014-10-08,0.0
2014-10-09,0.0
2014-10-10,0.0
2014-10-11,0.0
2014-10-12,0.0
2014-10-13,0.0
2014-10-14,0.0
2014-10-15,0.0
2014-10-16,0.0
2014-10-17,0.0
2014-10-18,0.0
2014-10-19,0.0
2014-10-20,0.0
2014-10-21,0.0
2014-10-22,0.0
2014-10-23,0.0
2014-10-24,0.0
2014-10-25,0.0
2014-10-26,0.0
2014-10-27,0.0
2014-10-28,0.0
2014-10-29,0.0
2014-10-30,0.0
2014-10-31,0.0
2014-11-01,0.0
2014-11-02,0.0
2014-11-03,0.0
2014-11-04,0.0
2014-11-05,0.0
2014-11-06,0.0
2014-11-07,0.0
2014-11-08,0.0
2014-11-09,0.0
2014-11-10,0.0
2014-11-11,0.0
2014-11-12,0.0
2014-11-13,0.0
2014-11-14,0.0
2014-11-15,0.0
2014-11-16,0.0
2014-11-17,0.0
2014-11-18,0.0
2014-11-19,0.0
2014-11-20,0.0
2014-11-21,0.0
2014-11-22,0.0
2014-11-23,0.0
2014-11-24,0.0
2014-11-25,0.0
2014-11-26,0.0
2014-11-27,0.0
2014-11-28,0.0
2014-11-29,0.0
2014-11-30,0.0
2014-12-01,0.0
2014-12-02,0.0
2014-12-03,0.0
2014-12-04,0.0
2014-12-05,0.0
2014-12-06,0.0
2014-12-07,0.0
2014-12-08,0.0
2014-12-09,0.0
2014-12-10,0.0
2014-12-11,0.0
2014-12-12,0.0
2014-12-13,0.0
2014-12-14,0.0
2014-12-15,0.0
2014-12-16,0.0
2014-12-17,0.0
2014-12-18,0.0
2014-12-19,0.0
2014-12-20,0.0
2014-12-21,0.0
2014-12-22,0.0
2014-12-23,0.0
2014-12-24,0.0
2014-12-25,0.0
2014-12-26,0.0
2014-12-27,0.0
2014-12-28,0.0
2014-12-29,0.0
2014-12-30,0.0
2014-12-31,0.0
2015-01-01,0.0
2015-01-02,0.0
2015-01-03,0.0
2015-01-04,0.0
2015-01-05,0.0
2015-01-06,0.0
2015-01-07,0.0
2015-01-08,0.0
2015-01-09,0.0
2015-01-10,0.0
2015-01-11,0.0
2015-01-12,0.0
2015-01-13,0.0
2015-01-14,0.0
2015-01-15,0.0
2015-01-16,0.0
2015-01-17,0.0
2015-01-18,0.0
2015-01-19,0.0
2015-01-20,0.0
2015-01-21,0.0
2015-01-22,0.0
2015-01-23,0.0
2015-01-24,0.0
2015-01-25,0.0
2015-01-26,0.0
2015-01-27,0.0
2015-01-28,0.0
2015-01-29,0.0
2015-01-30,0.0
2015-01-31,0.0
2015-02-01,0.0
2015-02-02,0.0
2015-02-03,0.0
2015-02-04,0.0
2015-02-05,0.0
2015-02-06,0.0
2015-02-07,0.0
2015-02-08,0.0
2015-02-09,0.0
2015-02-10,0.0
2015-02-11,0.0
2015-02-12,0.0
2015-02-13,0.0
2015-02-14,0.0
2015-02-15,0.0
2015-02-16,0.0
2015-02-17,0.0
2015-02-18,0.0
2015-02-19,0.0
2015-02-20,0.0
2015-02-21,0.0
2015-02-22,0.0
2015-02-23,0.0
2015-02-24,0.0
2015-02-25,0.0
2015-02-26,0.0
2015-02-27,0.0
2015-02-28,0.0
2015-03-01,0.0
2015-03-02,0.0
2015-03-03,0.0
2015-03-04,0.0
2015-03-05,0.0
2015-03-06,0.0
2015-03-07,0.0
2015-03-08,0.0
2015-03-09,0.0
2015-03-10,0.0
2015-03-11,0.0
2015-03-12,0.0
2015-03-13,0.0
2015-03-14,0.0
2015-03-15,0.0
2015-03-16,0.0
2015-03-17,0.0
2015-03-18,0.0
2015-03-19,0.0
2015-03-20,0.0
2015-03-21,0.0
2015-03-22,0.0
2015-03-23,0.0
2015-03-24,0.0
2015-03-25,0.0
2015-03-26,0.0
2015-03-27,0.0
2015-03-28,0.0
2015-03-29,0.0
2015-03-30,0.0
2015-03-31,0.0
2015-04-01,0.0
2015-04-02,0.0
2015-04-03,0.0
2015-04-04,0.0
2015-04-05,0.0
2015-04-06,0.0
2015-04-07,0.0
2015-04-08,0.0
2015-04-09,0.0
2015-04-10,0.0
2015-04-11,0.0
2015-04-12,0.0
2015-04-13,0.0
2015-04-14,0.0
2015-04-15,0.0
2015-04-16,0.0
2015-04-17,0.0
2015-04-18,0.0
2015-04-19,0.0
2015-04-20,0.0
2015-04-21,0.0
2015-04-22,0.0
2015-04-23,0.0
2015-04-24,0.0
2015-04-25,0.0
2015-04-26,0.0
2015-04-27,0.0
2015-04-28,0.0
2015-04-29,0.0
2015-04-30,0.0
2015-05-01,0.0
2015-05-02,0.0
2015-05-03,0.0
2015-05-04,0.0
2015-05-05,0.0
2015-05-06,0.0
2015-05-07,0.0
2015-05-08,0.0
2015-05-09,0.0
2015-05-10,0.0
2015-05-11,0.0
2015-05-12,0.0
2015-05-13,0.0
2015-05-14,0.0
2015-05-15,0.0
2015-05-16,0.0
2015-05-17,0.0
2015-05-18,0.0
2015-05-19,0.0
2015-05-20,0.0
2015-05-21,0.0
2015-05-22,0.0
2015-05-23,0.0
2015-05-24,0.0
2015-05-25,0.0
2015-05-26,0.0
2015-05-27,0.0
2015-05-28,0.0
2015-05-29,0.0
2015-05-30,0.0
2015-05-31,0.0
2015-06-01,0.0
2015-06-02,0.0
2015-06-03,0.0
2015-06-04,0.0
2015-06-05,0.0
2015-06-06,0.0
2015-06-07,0.0
2015-06-08,0.0
2015-06-09,0.0
2015-06-10,0.0
2015-06-11,0.0
2015-06-12,0.0
2015-06-13,0.0
2015-06-14,0.0
2015-06-15,0.0
2015-06-16,0.0
2015-06-17,0.0
2015-06-18,0.0
2015-06-19,0.0
2015-06-20,0.0
2015-06-21,0.0
2015-06-22,0.0
2015-06-23,0.0
2015-06-24,0.0
2015-06-25,0.0
2015-06-26,0.0
2015-06-27,0.0
2015-06-28,0.0
2015-06-29,0.0
2015-06-30,0.0
2015-07-01,0.0
2015-07-02,0.0
2015-07-03,0.0
2015-07-04,0.0
2015-07-05,0.0
2015-07-06,0.0
2015-07-07,0.0
2015-07-08,0.0
2015-07-09,0.0
2015-07-10,0.0
2015-07-11,0.0
2015-07-12,0.0
2015-07-13,0.0
2015-07-14,0.0
2015-07-15,0.0
2015-07-16,0.0
2015-07-17,0.0
2015-07-18,0.0
2015-07-19,0.0
2015-07-20,0.0
2015-07-21,0.0
2015-07-22,0.0
2015-07-23,0.0
2015-07-24,0.0
2015-07-25,0.0
2015-07-26,0.0
2015-07-27,0.0
2015-07-28,0.0
2015-07-29,0.0
2015-07-30,19.065511248229797
2015-07-31,19.22866941584389
2015-08-01,19.195266947652748
2015-08-02,18.994052404551777
2015-08-03,19.00357639510116
2015-08-04,19.047768540782638
2015-08-05,19.09105682475814
2015-08-06,19.248396880556697
2015-08-07,19.230285789184013
2015-08-08,18.62546969139826
2015-08-09,17.86812168612571
2015-08-10,17.782011066801257
2015-08-11,17.897747602444397
2015-08-12,18.187094254473926
2015-08-13,18.430889259294833
2015-08-14,18.775498966249792
2015-08-15,18.68478080873875
2015-08-16,18.42260843476198
2015-08-17,18.428966749990966
2015-08-18,18.281174117981198
2015-08-19,18.322123091813143
2015-08-20,18.40036519353361
2015-08-21,18.50377209517072
2015-08-22,18.44900219847058
2015-08-23,18.40130639753084
2015-08-24,18.36520219834336
2015-08-25,18.28021441155279
2015-08-26,18.2346205993399
2015-08-27,18.250499012387753
2015-08-28,18.257069217788178
2015-08-29,18.26648982831566
2015-08-30,18.306215046091506
2015-08-31,18.377093721931082
2015-09-01,18.41001677542039
2015-09-02,18.383172897405153
2015-09-03,18.34530644727115
2015-09-04,18.344339510695644
2015-09-05,18.364608850223842
2015-09-06,18.394212551452547
2015-09-07,18.357033739961928
2015-09-08,18.33279954878056
2015-09-09,18.312519922205862
2015-09-10,18.282708534050155
2015-09-11,18.15936979655163
2015-09-12,18.134010173093653
2015-09-13,18.091644340870157
2015-09-14,18.007683747250603
2015-09-15,18.02442531129174
2015-09-16,18.029707465196434
2015-09-17,17.98216319253947
2015-09-18,17.966045564769278
2015-09-19,17.948119943930603
2015-09-20,17.997833640453248
2015-09-21,18.033054822145154
2015-09-22,18.001121346342398
2015-09-23,18.00004148351283
2015-09-24,17.966951800639375
2015-09-25,17.853888096359416
2015-09-26,17.804017898329608
2015-09-27,17.821311752115623
2015-09-28,17.691763950735417
2015-09-29,17.631867394231403
2015-09-30,17.716888949980884
2015-10-01,17.753430601590495
2015-10-02,17.72404789550437
2015-10-03,17.748563966075604
2015-10-04,17.72367804040657
2015-10-05,17.702019366894397
2015-10-06,17.64205532327489
2015-10-07,17.65960737993431
2015-10-08,17.610191465508688
2015-10-09,17.696085454734952
2015-10-10,17.67116262059222
2015-10-11,17.653280940777325
2015-10-12,17.662376547026103
2015-10-13,17.628018706308872
2015-10-14,17.5556474158217
2015-10-15,17.501932143993642
2015-10-16,17.51925271290621
2015-10-17,17.50221610084453
2015-10-18,17.492278943261198
2015-10-19,17.429778474695258
2015-10-20,17.40796908562316
2015-10-21,17.309779403253454
2015-10-22,17.336250463512197
2015-10-23,17.519297737689797
2015-10-24,17.52007599131965
2015-10-25,17.648993714194482
2015-10-26,17.67727276737388
2015-10-27,17.919848106895447
2015-10-28,17.995484730475944
2015-10-29,18.19362969329654
2015-10-30,18.253561094412596
2015-10-31,18.0880548327286
2015-11-01,18.07762365469766
2015-11-02,18.183549392915722
2015-11-03,18.122019230762106
2015-11-04,18.058747571155795
2015-11-05,18.05829057058767
2015-11-06,18.02054955019706
2015-11-07,18.03462108133295
2015-11-08,18.082489813222214
2015-11-09,18.16184471493554
2015-11-10,18.114095215029128
2015-11-11,17.96487165387489
2015-11-12,17.969690850517576
2015-11-13,18.004107255610613
2015-11-14,18.016552027474987
2015-11-15,18.028752260923078
2015-11-16,18.041135353769352
2015-11-17,18.080546122981396
2015-11-18,18.111363973387082
2015-11-19,18.11035187779494
2015-11-20,18.05576093288724
2015-11-21,18.07993554521743
2015-11-22,18.103798657153632
2015-11-23,18.0901626084386
2015-11-24,18.068193135162073
2015-11-25,18.0060217664519
2015-11-26,17.99189610689288
2015-11-27,18.00707042348389
2015-11-28,18.031258439146264
2015-11-29,18.017276645503927
2015-11-30,17.99867481257662
2015-12-01,17.99907181783451
2015-12-02,17.969958162866803
2015-12-03,17.931038640016673
2015-12-04,17.93893108743526
2015-12-05,17.97138863079901
2015-12-06,17.983845100855564
2015-12-07,17.929846259124883
2015-12-08,17.91183331227358
2015-12-09,17.90918124318226
2015-12-10,17.93704303967158
2015-12-11,17.98372047957867
2015-12-12,18.106907532093985
2015-12-13,18.112067630985614
2015-12-14,18.131863080294224
2015-12-15,18.155338860775043
2015-12-16,18.145238340214963
2015-12-17,18.108864709502576
2015-12-18,18.073783626597
2015-12-19,18.05174106613762
2015-12-20,18.06222364148351
2015-12-21,18.04567902882015
2015-12-22,18.043601148108426
2015-12-23,18.016304722573896
2015-12-24,18.00677217494203
2015-12-25,18.011463289590314
2015-12-26,17.99999567258485
2015-12-27,17.983304818582603
2015-12-28,17.99181349948109
2015-12-29,17.989418928590574
2015-12-30,18.041408814704585
2015-12-31,18.101558639522143
2016-01-01,18.10720873840756
2016-01-02,18.114207117697294
2016-01-03,18.129599367073045
2016-01-04,18.121367571746394
2016-01-05,18.12479994023412
2016-01-06,18.124210111663384
2016-01-07,18.14531255679202
2016-01-08,18.141712211440442
2016-01-09,18.211839290801468
2016-01-10,18.231954368023747
2016-01-11,18.205043921514516
2016-01-12,18.314433501935564
2016-01-13,18.274602730629113
2016-01-14,18.28406045989661
2016-01-15,18.369302203826237
2016-01-16,18.369903842526806
2016-01-17,18.365587385828146
2016-01-18,18.506080660737158
2016-01-19,18.4715781149726
2016-01-20,18.537173899181667
2016-01-21,18.578225440440544
2016-01-22,18.573859820497415
2016-01-23,18.711132444939683
2016-01-24,18.91850610936113
2016-01-25,18.98956622946536
2016-01-26,19.106136062846566
2016-01-27,19.0336728438585
2016-01-28,19.069810695245476
2016-01-29,19.077606140073758
2016-01-30,19.083284254697872
2016-01-31,19.028980350266654
2016-02-01,18.95783181041823
2016-02-02,18.96478835070099
2016-02-03,19.046985770715978
2016-02-04,19.090520519953152
2016-02-05,19.086916498675404
2016-02-06,19.08079719183954
2016-02-07,19.152701981433417
2016-02-08,19.29477598432432
2016-02-09,19.41274012115606
2016-02-10,19.63545674009462
2016-02-11,19.7593417182029
2016-02-12,19.939338902885673
2016-02-13,19.770832159728783
2016-02-14,19.752297086330955
2016-02-15,19.86305638859891
2016-02-16,19.746541578902136
2016-02-17,19.57512422349696
2016-02-18,19.559836706813222
2016-02-19,19.669024002761113
2016-02-20,19.656465526715653
2016-02-21,19.654541369202796
2016-02-22,19.804004439511356
2016-02-23,19.904013184379867
2016-02-24,19.927091933093248
2016-02-25,20.003988136703008
2016-02-26,19.9574948051495
2016-02-27,19.996244848463853
2016-02-28,20.031801088303844
2016-02-29,20.028238225483964
2016-03-01,20.07840259339693
2016-03-02,20.246681512746363
2016-03-03,20.394005082369617
2016-03-04,20.395670874669005
2016-03-05,20.58103541899075
2016-03-06,20.57865425887477
2016-03-07,20.506257970013696
2016-03-08,20.43321208094195
2016-03-09,20.52959669960442
2016-03-10,20.62600486899159
2016-03-11,20.579242019419432
2016-03-12,20.73057578306956
2016-03-13,20.83527515137345
2016-03-14,20.773039190008156
2016-03-15,20.716083502623757
2016-03-16,20.757039393164355
2016-03-17,20.625977306095518
2016-03-18,20.498288278619007
2016-03-19,20.533407779541594
2016-03-20,20.501271271545004
2016-03-21,20.57213163945827
2016-03-22,20.62807756041158
2016-03-23,20.64928497394475
2016-03-24,20.610554885122788
2016-03-25,20.555894935647608
2016-03-26,20.561303103331262
2016-03-27,20.54748756489703
2016-03-28,20.594214899503868
2016-03-29,20.626839118044234
2016-03-30,20.647991738362247
2016-03-31,20.644616502244396
2016-04-01,20.632528904686026
2016-04-02,20.619732648486607
2016-04-03,20.6232078656962
2016-04-04,20.60455156995369
2016-04-05,20.5540895492753
2016-04-06,20.5424821925587
2016-04-07,20.523261510633237
2016-04-08,20.473719019520562
2016-04-09,20.446589340361083
2016-04-10,20.338680058635138
2016-04-11,20.322516837992467
2016-04-12,20.248428676185487
2016-04-13,20.238286095458935
2016-04-14,20.311282225986222
2016-04-15,20.305145474340367
2016-04-16,20.300473429997194
2016-04-17,20.411350575619686
2016-04-18,20.39160191901062
2016-04-19,20.389136858949033
2016-04-20,20.338375481498314
2016-04-21,20.3242764952289
2016-04-22,20.267669399108215
2016-04-23,20.269328574448345
2016-04-24,20.291381141810586
2016-04-25,20.24362767548987
2016-04-26,20.18065492580937
2016-04-27,20.21932341781442
2016-04-28,20.195749344039047
2016-04-29,20.201271326055704
2016-04-30,20.303640895403014
2016-05-01,20.357292981082992
2016-05-02,20.452287109004473
2016-05-03,20.458276371251543
2016-05-04,20.44955591249968
2016-05-05,20.451054968496933
2016-05-06,20.464750519669227
2016-05-07,20.42731330500048
2016-05-08,20.423933900920204
2016-05-09,20.439749766644553
2016-05-10,20.429182992523682
2016-05-11,20.467106525578984
2016-05-12,20.512372695758977
2016-05-13,20.555252616732492
2016-05-14,20.519548825059342
2016-05-15,20.514238702276213
2016-05-16,20.549309228217524
2016-05-17,20.66041574134921
2016-05-18,20.76265467250479
2016-05-19,20.833404258411903
2016-05-20,20.863044569615393
2016-05-21,20.812137713466285
2016-05-22,20.84367069927621
2016-05-23,20.844676028733698
2016-05-24,20.767032160831725
2016-05-25,20.7201138687095
2016-05-26,20.723169222279363
2016-05-27,20.6286735859695
2016-05-28,20.631787846017595
2016-05-29,20.69364021698261
2016-05-30,20.725491722823367
2016-05-31,20.789704612705997
2016-06-01,20.835728209612956
2016-06-02,20.831510823914098
2016-06-03,20.81868709876272
2016-06-04,20.818382611685546
2016-06-05,20.825864141007887
2016-06-06,20.834623328047464
2016-06-07,20.848645577323854
2016-06-08,20.87982275346276
2016-06-09,20.8735936959535
2016-06-10,20.85138420392123
2016-06-11,20.8338210090834
2016-06-12,20.895635240777203
2016-06-13,21.01864775882653
2016-06-14,21.10943862796799
2016-06-15,21.118616135742233
2016-06-16,21.179565494868257
2016-06-17,21.063516706960602
2016-06-18,20.766572773758586
2016-06-19,20.71166242701059
2016-06-20,20.673498963301533
2016-06-21,20.694610736133697
2016-06-22,20.865743161506124
2016-06-23,20.778950277076195
2016-06-24,20.842599255027505
2016-06-25,20.865520148179613
2016-06-26,20.84817002666904
2016-06-27,20.844288120126745
2016-06-28,20.787441801743373
2016-06-29,20.713383362760926
2016-06-30,20.736894601978324
2016-07-01,20.7124985168484
2016-07-02,20.70144611786772
2016-07-03,20.690826028128036
2016-07-04,20.66371882042977
2016-07-05,20.56588202250095
2016-07-06,20.577006505530615
2016-07-07,20.52618068949515
2016-07-08,20.5643050567795
2016-07-09,20.613098337342713
2016-07-10,20.60508837513926
2016-07-11,20.57728983322218
2016-07-12,20.573825399323937
2016-07-13,20.566392286970512
2016-07-14,20.624855518173263
2016-07-15,20.698127288791554
2016-07-16,20.686805958299846
2016-07-17,20.64517397671531
2016-07-18,20.650680113891095
2016-07-19,20.645782519487746
2016-07-20,20.716276413736637
2016-07-21,20.741827239339614
2016-07-22,20.82550920564574
2016-07-23,20.894055691002517
2016-07-24,20.819000960994593
2016-07-25,20.815306489484993
2016-07-26,20.77857508752622
2016-07-27,20.76353015919639
2016-07-28,20.770884646776707
2016-07-29,20.767987755108894
2016-07-30,20.765579881006943
2016-07-31,20.726413652372855
2016-08-01,20.67795513427394
2016-08-02,20.551177033694838
2016-08-03,20.490305364454567
2016-08-04,20.60098046496791
2016-08-05,20.622503220287452
2016-08-06,20.600887946971653
2016-08-07,20.620406695796827
2016-08-08,20.62539321027755
2016-08-09,20.6888450515267
2016-08-10,20.731903477886174
2016-08-11,20.70479319546687
2016-08-12,20.701767105458387
2016-08-13,20.690372191300686
2016-08-14,20.67222212193765
2016-08-15,20.647487189067785
2016-08-16,20.645208315735655
2016-08-17,20.63110905266014
2016-08-18,20.62172386912381
2016-08-19,20.610490090740402
2016-08-20,20.64244472431099
2016-08-21,20.642362390693684
2016-08-22,20.652922845886632
2016-08-23,20.641387433497226
2016-08-24,20.640374308985013
2016-08-25,20.652309337374547
2016-08-26,20.664220466393488
2016-08-27,20.656805458490236
2016-08-28,20.64132176056649
2016-08-29,20.63447514700886
2016-08-30,20.6488098756361
2016-08-31,20.669059031879215
2016-09-01,20.739470834841335
2016-09-02,20.731448058089693
2016-09-03,20.718708475934474
2016-09-04,20.699164068773094
2016-09-05,20.701756099306166
2016-09-06,20.691509826088964
2016-09-07,20.693478482068702
2016-09-08,20.68213419449018
2016-09-09,20.689659129730863
2016-09-10,20.702102048550636
2016-09-11,20.719834190577526
2016-09-12,20.711684618779202
2016-09-13,20.730318731708497
2016-09-14,20.725396231044552
2016-09-15,20.7322026167064
2016-09-16,20.749021175375294
2016-09-17,20.782230240892936
2016-09-18,20.795265793152076
2016-09-19,20.80424102265022
2016-09-20,20.864496081707404
2016-09-21,20.87332814361101
2016-09-22,20.823676025026252
2016-09-23,20.837640900501555
2016-09-24,20.816704522961842
2016-09-25,20.814218602449657
2016-09-26,20.808047027334265
2016-09-27,20.819488968065652
2016-09-28,20.836089263381645
2016-09-29,20.826841914441044
2016-09-30,20.82982308613293
2016-10-01,20.826966662981054
2016-10-02,20.831492755343902
2016-10-03,20.837124944054896
2016-10-04,20.846612548834976
2016-10-05,20.83477750998599
2016-10-06,20.810050752462242
2016-10-07,20.795738758561797
2016-10-08,20.762188343140416
2016-10-09,20.75735466118549
2016-10-10,20.725834737494115
2016-10-11,20.73574310606349
2016-10-12,20.72667476195354
2016-10-13,20.73608483043773
2016-10-14,20.736907405208548
2016-10-15,20.730951641337445
2016-10-16,20.7383073717371
2016-10-17,20.735345991184005
2016-10-18,20.781070055043227
2016-10-19,20.765227639878187
2016-10-20,20.751517279139865
2016-10-21,20.75013055417442
2016-10-22,20.750266973088547
2016-10-23,20.744984573410797
2016-10-24,20.741886423751048
2016-10-25,20.705896859799967
2016-10-26,20.705061700542657
2016-10-27,20.696766007573082
2016-10-28,20.68294682632521
2016-10-29,20.628748883454893
2016-10-30,20.628085982049427
2016-10-31,20.67454536054873
2016-11-01,20.632061770906812
2016-11-02,20.65151597595413
2016-11-03,20.653976382911775
2016-11-04,20.65934012320403
2016-11-05,20.66815776395565
2016-11-06,20.662456171510463
2016-11-07,20.653215390352567
2016-11-08,20.648900567079085
2016-11-09,20.627669181511862
2016-11-10,20.624328966542773
2016-11-11,20.608642898294764
2016-11-12,20.58169496038591
2016-11-13,20.578215769803343
2016-11-14,20.572993509578037
2016-11-15,20.57731009850738
2016-11-16,20.58716316197839
2016-11-17,20.569744328982352
2016-11-18,20.540235135568864
2016-11-19,20.533743632804267
2016-11-20,20.52951818868406
2016-11-21,20.52958914432668
2016-11-22,20.562225159002107
2016-11-23,20.556145462904336
2016-11-24,20.52223468208213
2016-11-25,20.51130337240835
2016-11-26,20.50710613543203
2016-11-27,20.47910656040517
2016-11-28,20.447927596952958
2016-11-29,20.38011342012219
2016-11-30,20.403773371029633
2016-12-01,20.40801230646907
2016-12-02,20.3492192560586
2016-12-03,20.339286206993343
2016-12-04,20.31260681478886
2016-12-05,20.25422519987484
2016-12-06,20.198188268304158
2016-12-07,20.32430284220904
2016-12-08,20.41534334898317
2016-12-09,20.40077653385002
2016-12-10,20.392488010552636
2016-12-11,20.38018405029428
2016-12-12,20.398899120158585
2016-12-13,20.40559812870594
2016-12-14,20.401186015250534
2016-12-15,20.354550931252955
2016-12-16,20.336932509108046
2016-12-17,20.313274850484373
2016-12-18,20.33828604951685
2016-12-19,20.32521926979067
2016-12-20,20.311272353291912
2016-12-21,20.32763300816915
2016-12-22,20.31160627526426
2016-12-23,20.275030731942785
2016-12-24,20.26338855791301
2016-12-25,20.257481997451315
2016-12-26,20.260395128626733
2016-12-27,20.253747641858446
2016-12-28,20.257190952067873
2016-12-29,20.377342455829787
2016-12-30,20.393522996066263
2016-12-31,20.365484714274658
2017-01-01,20.39527841149216
2017-01-02,20.389363887305752
2017-01-03,20.463801769239684
2017-01-04,20.633782479492737
2017-01-05,20.63787205167685
2017-01-06,20.592163774536854
2017-01-07,20.56923153451371
2017-01-08,20.590698651324878
2017-01-09,20.634064553679607
2017-01-10,20.631847988980645
2017-01-11,20.596792959998503
2017-01-12,20.542694599449526
2017-01-13,20.551330413455684
2017-01-14,20.554328105060467
2017-01-15,20.567191574720223
2017-01-16,20.554781635244094
2017-01-17,20.592944452442943
2017-01-18,20.613379095588375
2017-01-19,20.61912538115721
2017-01-20,20.646355953101725
2017-01-21,20.665526584570063
2017-01-22,20.67156778170687
2017-01-23,20.664539714776023
2017-01-24,20.655939803370128
2017-01-25,20.64502623303714
2017-01-26,20.64705953036649
2017-01-27,20.643126010140296
2017-01-28,20.64575965016539
2017-01-29,20.642772071561637
2017-01-30,20.645048671456312
2017-01-31,20.65495053514298
2017-02-01,20.661269794036816
2017-02-02,20.66139374492497
2017-02-03,20.671786786359878
2017-02-04,20.71642227510475
2017-02-05,20.713514783576166
2017-02-06,20.71664609673349
2017-02-07,20.73025504840568
2017-02-08,20.726604349905184
2017-02-09,20.706549420957128
2017-02-10,20.699189927230726
2017-02-11,20.725505350363175
2017-02-12,20.7267110035389
2017-02-13,20.721180905987584
2017-02-14,20.80891929120949
2017-02-15,20.851768685106784
2017-02-16,20.84622768294074
2017-02-17,20.84687621086066
2017-02-18,20.846784971022785
2017-02-19,20.848965598247975
2017-02-20,20.847345496084937
2017-02-21,20.836325360139686
2017-02-22,20.842233739259864
2017-02-23,20.851231484507434
2017-02-24,20.873112454142003
2017-02-25,20.895537085664643
2017-02-26,20.926261787996108
2017-02-27,20.992292943761363
2017-02-28,21.06002485172855
2017-03-01,21.07382917460795
2017-03-02,21.202866347832074
2017-03-03,21.290488652229474
2017-03-04,21.27435656733537
2017-03-05,21.245075300083883
2017-03-06,21.27944340153163
2017-03-07,21.260697676902264
2017-03-08,21.196027380273538
2017-03-09,21.159472636403628
2017-03-10,21.210530409649735
2017-03-11,21.295913185761815
2017-03-12,21.4157714577509
2017-03-13,21.61373237295126
2017-03-14,21.658887382477253
2017-03-15,21.721220107714135
2017-03-16,22.010144775823363
2017-03-17,22.140850599738393
2017-03-18,21.97925008354996
2017-03-19,21.989899618238955
2017-03-20,22.08552200717658
2017-03-21,22.074903948143042
2017-03-22,22.036024254580674
2017-03-23,22.04625797586284
2017-03-24,22.147881785973752
2017-03-25,22.239665811278602
2017-03-26,22.23811883362862
2017-03-27,22.239351340511412
2017-03-28,22.22664663982415
2017-03-29,22.273817951271027
2017-03-30,22.284652720952945
2017-03-31,22.235029525905638
2017-04-01,22.235996516071232
2017-04-02,22.22761442627999
2017-04-03,22.13981508153078
2017-04-04,22.093433938844957
2017-04-05,22.147160625226448
2017-04-06,22.10985999987125
2017-04-07,22.082109992753395
2017-04-08,22.116392856451036
2017-04-09,22.100470143671707
2017-04-10,22.09134148459607
2017-04-11,22.1018967174667
2017-04-12,22.111303361124392
2017-04-13,22.206266959923035
2017-04-14,22.195033521065398
2017-04-15,22.194711263832858
2017-04-16,22.206734023612693
2017-04-17,22.201226690424
2017-04-18,22.2260485375207
2017-04-19,22.24514675083924
2017-04-20,22.216749819789243
2017-04-21,22.224223473661375
2017-04-22,22.21502280036311
2017-04-23,22.214032781829253
2017-04-24,22.2413462940776
2017-04-25,22.241699391405973
2017-04-26,22.278065986171022
2017-04-27,22.381803142114816
2017-04-28,22.5226169791971
2017-04-29,22.57702888675088
2017-04-30,22.608643655185272
2017-05-01,22.6970221042678
2017-05-02,22.669746275213058
2017-05-03,22.678320322963575
2017-05-04,22.772419731810764
2017-05-05,22.854250845168135
2017-05-06,22.838591959877622
2017-05-07,22.859043809515477
2017-05-08,22.813580917102975
2017-05-09,22.757374723097886
2017-05-10,22.79588145656184
2017-05-11,22.797341571773767
2017-05-12,22.809578332218663
2017-05-13,22.78313000737802
2017-05-14,22.809266792431817
2017-05-15,22.82915525800489
2017-05-16,22.813241529864708
2017-05-17,22.78643919412674
2017-05-18,22.85700678839921
2017-05-19,23.04685539121536
2017-05-20,23.158746990084033
2017-05-21,23.22620168810995
2017-05-22,23.42934146479468
2017-05-23,23.432461275680257
2017-05-24,23.565710929217612
2017-05-25,23.604504367721432
2017-05-26,23.514319147773882
2017-05-27,23.340254960151032
2017-05-28,23.45978312024407
2017-05-29,23.512555299412334
2017-05-30,23.672462300474113
2017-05-31,23.76017625284049
2017-06-01,23.751523038661254
2017-06-02,23.744391691306358
2017-06-03,23.737526761486208
2017-06-04,23.81415496359624
2017-06-05,23.84470087777219
2017-06-06,23.887083595495028
2017-06-07,23.900473976381914
2017-06-08,23.885483288378325
2017-06-09,23.92531667438943
2017-06-10,24.040635462914473
2017-06-11,24.168085394335485
2017-06-12,24.248679715134198
2017-06-13,24.295422632115187
2017-06-14,24.264473459749237
2017-06-15,24.128812870708092
2017-06-16,24.19686262167715
2017-06-17,24.22420619437294
2017-06-18,24.238168664926274
2017-06-19,24.224506929285138
2017-06-20,24.232631918972285
2017-06-21,24.152312837857156
2017-06-22,24.125083524745595
2017-06-23,24.137459748811164
2017-06-24,24.114407337049453
2017-06-25,24.039948247113262
2017-06-26,23.909068179636108
2017-06-27,23.845850019333323
2017-06-28,24.014035878730798
2017-06-29,24.070567138437262
2017-06-30,24.023692405393277
2017-07-01,23.938872959944593
2017-07-02,23.934363340717137
2017-07-03,23.977294448779496
2017-07-04,23.969393905255593
2017-07-05,23.92159383556265
2017-07-06,23.930665566655243
2017-07-07,23.887338076674997
2017-07-08,23.834448080362996
2017-07-09,23.84544701891538
2017-07-10,23.77259169134181
2017-07-11,23.62796240288933
2017-07-12,23.666475517677153
2017-07-13,23.69352019575099
2017-07-14,23.631585481929214
2017-07-15,23.56787650935368
2017-07-16,23.40404239661714
2017-07-17,23.495899183190527
2017-07-18,23.654325382810867
2017-07-19,23.75175216481274
2017-07-20,23.732053830972873
2017-07-21,23.760342172415758
2017-07-22,23.763628052313763
2017-07-23,23.779761699272246
2017-07-24,23.77314344833529
2017-07-25,23.704946063926783
2017-07-26,23.654775190755473
2017-07-27,23.663524029580906
2017-07-28,23.639056001541647
2017-07-29,23.590504262344282
2017-07-30,23.646941874019877
2017-07-31,23.635804358426014
2017-08-01,23.73561538258213
2017-08-02,23.756661073538808
2017-08-03,23.76099772853382
2017-08-04,23.765020181031208
2017-08-05,23.828991584409067
2017-08-06,23.92092404965536
2017-08-07,23.940869974923487
2017-08-08,23.995124581345326
2017-08-09,24.058296043649626
2017-08-10,24.06571172483153
2017-08-11,24.066321238649536
2017-08-12,24.105589897095978
2017-08-13,24.048212335146776
2017-08-14,24.06479195062883
2017-08-15,24.023370927661794
2017-08-16,24.041947814405848
2017-08-17,24.077102324435977
2017-08-18,24.0630579309289
2017-08-19,24.03699799548272
2017-08-20,24.041024931614068
2017-08-21,24.128563966138504
2017-08-22,24.104750768442308
2017-08-23,24.127033614608543
2017-08-24,24.13455146882831
2017-08-25,24.165983723577586
2017-08-26,24.161246439451208
2017-08-27,24.181588845573994
2017-08-28,24.202461005995556
2017-08-29,24.25297764625906
2017-08-30,24.304019465176346
2017-08-31,24.318762639162454
2017-09-01,24.336321989142427
2017-09-02,24.252201957864962
2017-09-03,24.22507241509511
2017-09-04,24.125609813117777
2017-09-05,24.078583436161612
2017-09-06,24.17437203884892
2017-09-07,24.173288017384564
2017-09-08,24.13747192860781
2017-09-09,24.081211187585584
2017-09-10,24.05264199073283
2017-09-11,24.063381589838695
2017-09-12,24.08200925203493
2017-09-13,23.9902273198207
2017-09-14,23.908108554520354
2017-09-15,23.83957571100937
2017-09-16,23.91957926396288
2017-09-17,23.901609517950263
2017-09-18,24.032823865767327
2017-09-19,24.02945904733552
2017-09-20,24.026493095893994
2017-09-21,23.991664670035853
2017-09-22,23.939366494878563
2017-09-23,23.985625417966197
2017-09-24,24.022122971012532
2017-09-25,24.04293560369187
2017-09-26,24.046437886203357
2017-09-27,24.061822514250295
2017-09-28,24.087036089243142
2017-09-29,24.048157951389715
2017-09-30,24.076096293031046
2017-10-01,24.073547583074372
2017-10-02,24.071022670907755
2017-10-03,24.050896703189405
2017-10-04,24.050725983297806
2017-10-05,24.05042434795446
2017-10-06,24.074532067310816
2017-10-07,24.10308099174762
2017-10-08,24.111982133637614
2017-10-09,24.080291890180586
2017-10-10,24.07197558686296
2017-10-11,24.078438422541744
2017-10-12,24.09206299998889
2017-10-13,24.15802492245474
2017-10-14,24.20371210374989
2017-10-15,24.176262179393646
2017-10-16,24.19872082718763
2017-10-17,24.153384592363565
2017-10-18,24.08914192105325
2017-10-19,24.105717949697933
2017-10-20,24.09620310142008
2017-10-21,24.06783049685067
2017-10-22,24.06178911086948
2017-10-23,24.025933591587755
2017-10-24,24.08772810324941
2017-10-25,24.061927159081367
2017-10-26,24.065131681480988
2017-10-27,24.06002229587256
2017-10-28,0.0
2017-10-29,0.0
2017-10-30,0.0
2017-10-31,0.0
2017-11-01,24.07703813454818
2017-11-02,24.027473819404186
2017-11-03,24.059059882025895
2017-11-04,24.07682475448296
2017-11-05,24.071413813511704
2017-11-06,24.07323621037492
2017-11-07,24.065493794113614
2017-11-08,24.08264239806653
2017-11-09,24.13824239820802
2017-11-10,24.114511872299882
2017-11-11,24.103232806682847
2017-11-12,24.109689384581515
2017-11-13,24.128691828323113
2017-11-14,24.16847720558414
2017-11-15,24.19207089198255
2017-11-16,24.172060709285958
2017-11-17,24.17999435815373
2017-11-18,24.189059951926776
2017-11-19,24.24885367705995
2017-11-20,24.266351489092802
2017-11-21,24.278081256207134
2017-11-22,24.282539292101614
2017-11-23,24.366017324997312
2017-11-24,24.443363056873178
2017-11-25,24.526723058015858
2017-11-26,24.50748931286021
2017-11-27,24.54377610305956
2017-11-28,24.53435639400664
2017-11-29,24.53631537851704
2017-11-30,24.455349347800325
2017-12-01,24.47604207506306
2017-12-02,24.516713102946543
2017-12-03,24.53025313376121
2017-12-04,24.520641845673623
2017-12-05,24.51691357298739
2017-12-06,24.46858568266457
2017-12-07,24.43830195101992
2017-12-08,24.494824138393298
2017-12-09,24.552328872272486
2017-12-10,24.487127540308162
2017-12-11,24.527699415850545
2017-12-12,24.712484137367404
2017-12-13,24.88143450628252
2017-12-14,24.944873971234856
2017-12-15,24.89001048863242
2017-12-16,24.925570751335716
2017-12-17,24.958921368413716
2017-12-18,24.983675170422508
2017-12-19,25.097452356680563
2017-12-20,25.065765000080468
2017-12-21,25.080701958964422
2017-12-22,24.909620506856168
2017-12-23,24.97731560332376
2017-12-24,24.881011513297654
2017-12-25,24.96053498018362
2017-12-26,24.99934286551053
2017-12-27,25.006950876771718
2017-12-28,24.94851459864551
2017-12-29,24.990697947611427
2017-12-30,24.944327240669352
2017-12-31,24.96826812799612
2018-01-01,25.008625392207684
2018-01-02,25.133105202927503
2018-01-03,25.175922321781254
2018-01-04,25.245559642226606
2018-01-05,25.27595009202814
2018-01-06,25.292700486488105
2018-01-07,25.37464132158711
2018-01-08,25.4396377356328
2018-01-09,25.49375178687251
2018-01-10,25.576153075175814
2018-01-11,25.500165521260662
2018-01-12,25.509483451997347
2018-01-13,25.601831666583085
2018-01-14,25.59755487057898
2018-01-15,25.584675481706892
2018-01-16,25.424747772936264
2018-01-17,25.252861385503664
2018-01-18,25.34322145540587
2018-01-19,25.347587246750752
2018-01-20,25.41636961990853
2018-01-21,25.382051887526046
2018-01-22,25.327727767791032
2018-01-23,25.284921211065058
2018-01-24,25.315691015287644
2018-01-25,25.369158276240768
2018-01-26,25.348713129500528
2018-01-27,25.378692250136726
2018-01-28,25.473390478579155
2018-01-29,25.47513881190314
2018-01-30,25.43197962377681
2018-01-31,25.39663901278841
2018-02-01,25.407143289789907
2018-02-02,25.22984936526511
2018-02-03,25.258326063204606
2018-02-04,25.20620382759942
2018-02-05,25.050062266126506
2018-02-06,24.916404560491276
2018-02-07,25.078564521519453
2018-02-08,25.09842364091037
2018-02-09,25.120048378338577
2018-02-10,25.16566622038248
2018-02-11,25.11184128945119
2018-02-12,25.15015537138656
2018-02-13,25.138005468911633
2018-02-14,25.1817015955939
2018-02-15,25.23459815874542
2018-02-16,25.2372162349307
2018-02-17,25.270146307477656
2018-02-18,25.248210966803995
2018-02-19,25.244978819453472
2018-02-20,25.243254129509708
2018-02-21,25.165912077318264
2018-02-22,25.121436074719757
2018-02-23,25.13938364808939
2018-02-24,25.137443734825222
2018-02-25,25.132805835660232
2018-02-26,25.157817502851586
2018-02-27,25.178659583607562
2018-02-28,25.168699524001724
2018-03-01,25.164217348877298
2018-03-02,25.161142458303754
2018-03-03,25.15905352583543
2018-03-04,25.150887105827515
2018-03-05,25.160039450414907
2018-03-06,25.12633961013466
2018-03-07,25.06320760587312
2018-03-08,25.006713276426524
2018-03-09,24.93260877033942
2018-03-10,24.986627652386705
2018-03-11,24.955923222889822
2018-03-12,24.974310773474755
2018-03-13,24.946247578458348
2018-03-14,24.89589410929716
2018-03-15,24.80323126609541
2018-03-16,24.815662184279706
2018-03-17,24.776300816820935
2018-03-18,24.634991096812747
2018-03-19,24.69407623381754
2018-03-20,24.70319552834621
2018-03-21,24.748556727029666
2018-03-22,24.711515063226006
2018-03-23,24.665244661639072
2018-03-24,24.69148933517906
2018-03-25,24.663607670962538
2018-03-26,24.619485764457824
2018-03-27,24.54439181566725
2018-03-28,24.518352100055925
2018-03-29,24.433288106422786
2018-03-30,24.359137082574144
2018-03-31,24.40169463354842
2018-04-01,24.35294057094839
2018-04-02,24.3614671787253
2018-04-03,24.402200917723935
2018-04-04,24.376749060218433
2018-04-05,24.343612458069817
2018-04-06,24.327530690043446
2018-04-07,24.3598899045632
2018-04-08,24.38805540377021
2018-04-09,24.41036169605001
2018-04-10,24.40723544602361
2018-04-11,24.44862853316024
2018-04-12,24.518945134294093
2018-04-13,24.632862366942696
2018-04-14,24.627215144149755
2018-04-15,24.663243300343797
2018-04-16,24.647690196657763
2018-04-17,24.647911634149484
2018-04-18,24.6537343263054
2018-04-19,24.708132259052064
2018-04-20,24.781256083027337
2018-04-21,24.815034998151788
2018-04-22,24.844411909543094
2018-04-23,24.871356090343
2018-04-24,24.946903115933264
2018-04-25,24.878953863873125
2018-04-26,24.85900177540023
2018-04-27,24.91210686398142
2018-04-28,24.928725518279087
2018-04-29,24.940397402219087
2018-04-30,24.93822342081218
2018-05-01,24.901585711161022
2018-05-02,24.932994172376727
2018-05-03,25.011457120906943
2018-05-04,25.07622667425462
2018-05-05,25.109648965791692
2018-05-06,25.08895590349306
2018-05-07,25.024724752558644
2018-05-08,25.032741589153748
2018-05-09,25.020651517865417
2018-05-10,25.039846215135622
2018-05-11,24.964059500990285
2018-05-12,24.923853213616265
2018-05-13,24.971330059391594
2018-05-14,24.992408992606258
2018-05-15,24.99964791027809
2018-05-16,24.959521221351107
2018-05-17,24.96666102024869
2018-05-18,24.936295284347448
2018-05-19,24.962897979339367
2018-05-20,24.983385934546025
2018-05-21,24.977783013951473
2018-05-22,24.940944510183517
2018-05-23,24.838518836400084
2018-05-24,24.792434461359488
2018-05-25,24.80556689485631
2018-05-26,24.80834136830296
2018-05-27,24.7733706485458
2018-05-28,24.706585230337108
2018-05-29,24.715183139435783
2018-05-30,24.750350332454268
2018-05-31,24.76859020883009
2018-06-01,24.775689020286254
2018-06-02,24.79698572902768
2018-06-03,24.83453849652469
2018-06-04,24.819840258217216
2018-06-05,24.80861982752609
2018-06-06,24.825148711826007
2018-06-07,24.8308533914588
2018-06-08,24.820368163106213
2018-06-09,24.824120872651957
2018-06-10,24.74674075285521
2018-06-11,24.68583403027422
2018-06-12,24.676925155250803
2018-06-13,24.59717505416335
2018-06-14,24.621170955137778
2018-06-15,24.63985755722478
2018-06-16,24.629535318895922
2018-06-17,24.64008179090386
2018-06-18,24.64173948411684
2018-06-19,24.691206221631777
2018-06-20,24.69473085998551
2018-06-21,24.702574657429395
2018-06-22,24.618044561492816
2018-06-23,24.578958937299358
2018-06-24,24.53565411910294
2018-06-25,24.550032648084734
2018-06-26,24.535052524163554
2018-06-27,24.498707041387224
2018-06-28,24.501667545160167
2018-06-29,24.457986207399276
2018-06-30,24.53390938263177
2018-07-01,24.540855974647425
2018-07-02,24.55983225563038
2018-07-03,24.584104851360543
2018-07-04,24.573192899828932
2018-07-05,24.57920797327117
2018-07-06,24.572783484958148
2018-07-07,24.578225397356693
2018-07-08,24.61603361346574
2018-07-09,24.6039222385055
2018-07-10,24.53543004699365
2018-07-11,24.51272569643309
2018-07-12,24.500371928255408
2018-07-13,24.505243814044665
2018-07-14,24.500789231349266
2018-07-15,24.52262205439398
2018-07-16,24.569072424135957
2018-07-17,24.604416778377356
2018-07-18,24.632994596263448
2018-07-19,24.58963838726516
2018-07-20,24.557139562093827
2018-07-21,24.5595058943054
2018-07-22,24.56760913428959
2018-07-23,24.560332219902076
2018-07-24,24.577692636072765
2018-07-25,24.59254889978805
2018-07-26,24.595516442691043
2018-07-27,24.572121706239898
2018-07-28,24.577834127168753
2018-07-29,24.57462543650728
2018-07-30,24.56121677741001
2018-07-31,24.520179678549574
2018-08-01,24.473705400442398
2018-08-02,24.461815181847296
2018-08-03,24.447912291430846
2018-08-04,24.453133197288494
2018-08-05,24.440557055875818
2018-08-06,24.442871859862084
2018-08-07,24.431885909865414
2018-08-08,24.336413505970327
2018-08-09,24.317395619284543
2018-08-10,24.30896612660845
2018-08-11,24.197379370569525
2018-08-12,24.206613492511025
2018-08-13,24.16519205234149
2018-08-14,24.008706664475795
2018-08-15,24.09440467445583
2018-08-16,24.09730432781109
2018-08-17,24.13810541570017
2018-08-18,24.148028785459633
2018-08-19,24.128656871607493
2018-08-20,24.10945480473775
2018-08-21,24.062935218723176
2018-08-22,24.074865973677056
2018-08-23,24.04701518660363
2018-08-24,24.05765569322671
2018-08-25,24.06965800777801
2018-08-26,24.048607943959272
2018-08-27,24.059977583396954
2018-08-28,24.100708539344513
2018-08-29,24.114515242398294
2018-08-30,24.078944360273812
2018-08-31,24.075691493479134
2018-09-01,24.108944894592458
2018-09-02,24.12305119293604
2018-09-03,24.1076586622889
2018-09-04,24.099529843250497
2018-09-05,24.017682481691573
2018-09-06,23.859702099141042
2018-09-07,23.84518471205664
2018-09-08,23.79578060291988
2018-09-09,23.723901289398288
2018-09-10,23.718674093062422
2018-09-11,23.686562897879114
2018-09-12,23.610606747628555
2018-09-13,23.72437562665796
2018-09-14,23.80180730424313
2018-09-15,23.827467460795194
2018-09-16,23.825251306995103
2018-09-17,23.801047040056634
2018-09-18,23.755579968590123
2018-09-19,23.78553875035692
2018-09-20,23.791298555410556
2018-09-21,23.879444873064948
2018-09-22,23.925283846226705
2018-09-23,23.932314057558628
2018-09-24,23.9075559943782
2018-09-25,23.80982874341734
2018-09-26,23.813452406322323
2018-09-27,23.831036164193474
2018-09-28,23.863213410940006
2018-09-29,23.866478308232853
2018-09-30,23.893875803818673
2018-10-01,23.88432312820001
2018-10-02,23.87552738428596
2018-10-03,23.837432221094826
2018-10-04,23.854654329568973
2018-10-05,23.85149037936654
2018-10-06,23.864256369200046
2018-10-07,23.857054642358936
2018-10-08,23.871787079420045
2018-10-09,23.876717165725115
2018-10-10,23.864164194596466
2018-10-11,23.75291530854868
2018-10-12,23.725622832790858
2018-10-13,23.742009633485267
2018-10-14,23.747937816092612
2018-10-15,23.790976713631217
2018-10-16,23.79779155033295
2018-10-17,23.795323563072536
2018-10-18,23.78198211642692
2018-10-19,23.7652650127298
2018-10-20,23.775572828256266
2018-10-21,23.784473361300968
2018-10-22,23.774133636119803
2018-10-23,23.76494399305698
2018-10-24,23.769804034564828
2018-10-25,23.760540848454696
2018-10-26,23.762805804708076
2018-10-27,23.765378193565645
2018-10-28,23.767261558741254
2018-10-29,23.750561567757355
2018-10-30,23.73019113552289
2018-10-31,23.732188572691662
2018-11-01,23.739200549086885
2018-11-02,23.751912476922357
2018-11-03,23.749782842633213
2018-11-04,23.768997595479906
2018-11-05,23.794165582346764
2018-11-06,23.813784306822082
2018-11-07,23.8430094741465
2018-11-08,23.822269260478134
2018-11-09,23.80538271317888
2018-11-10,23.810485321015463
2018-11-11,23.80673029271835
2018-11-12,23.808354575977653
2018-11-13,23.798158809595627
2018-11-14,23.740022341922568
2018-11-15,23.63918341039783
2018-11-16,23.637342405733712
2018-11-17,23.61736915174933
2018-11-18,23.630491867919375
2018-11-19,23.528553705539327
2018-11-20,23.393485456800764
2018-11-21,23.354494918051074
2018-11-22,23.350433704549065
2018-11-23,23.269402951422357
2018-11-24,23.26548565196086
2018-11-25,23.160495680664273
2018-11-26,23.18266832172861
2018-11-27,23.129545940414197
2018-11-28,23.16883253017192
